ID,Data,Arroz,Milho,Soja,Sorgo,Trigo
2226,10/01/2025,94.50,63.00,125.00,50.00,65.00
2225,09/01/2025,94.50,63.00,125.00,50.00,65.00
2224,08/01/2025,94.50,63.00,125.00,50.00,65.00
2223,07/01/2025,94.50,63.00,125.00,50.00,65.00
2222,06/01/2025,94.50,63.00,125.00,50.00,65.00
2221,03/01/2025,94.50,63.00,125.00,50.00,65.00
2220,02/01/2025,94.50,63.00,125.00,50.00,65.00
2218,30/12/2024,94.50,63.00,125.00,50.00,65.00
2217,27/12/2024,94.50,63.00,125.00,50.00,65.00
2216,26/12/2024,94.50,63.00,125.00,50.00,65.00
2215,24/12/2024,94.50,63.00,125.00,50.00,65.00
2214,23/12/2024,94.50,63.00,125.00,50.00,65.00
2213,20/12/2024,94.50,63.00,125.00,50.00,65.00
2212,19/12/2024,94.50,63.00,125.00,50.00,65.00
2211,18/12/2024,94.50,63.00,125.00,50.00,65.00
2210,17/12/2024,94.50,63.00,125.50,50.00,65.00
2209,16/12/2024,94.50,63.00,125.50,50.00,65.00
2208,13/12/2024,94.50,63.00,125.50,50.00,65.00
2207,12/12/2024,94.50,63.00,125.50,50.00,65.00
2206,11/12/2024,94.50,63.00,127.50,50.00,65.00
2205,10/12/2024,94.50,63.00,127.50,50.00,65.00
2204,09/12/2024,94.50,63.00,127.50,50.00,65.00
2203,06/12/2024,94.50,63.00,127.50,50.00,65.00
2202,05/12/2024,94.50,63.00,127.50,50.00,65.00
2201,04/12/2024,94.50,63.00,127.50,50.00,65.00
2200,03/12/2024,94.50,63.00,127.50,50.00,65.00
2199,02/12/2024,96.00,63.00,127.00,50.00,65.00
2198,29/11/2024,96.00,63.00,127.00,50.00,65.00
2197,28/11/2024,96.00,63.00,127.00,50.00,65.00
2196,27/11/2024,96.00,63.00,126.50,50.00,65.00
2195,26/11/2024,98.00,63.00,125.50,50.00,65.00
2194,25/11/2024,98.00,63.00,125.50,50.00,65.00
2193,22/11/2024,98.00,63.00,125.50,50.00,65.00
2192,21/11/2024,100.00,63.00,126.00,50.00,65.00
2190,19/11/2024,100.00,63.00,125.50,50.00,65.00
2189,18/11/2024,100.00,63.00,126.50,50.00,65.00
2188,14/11/2024,100.00,63.00,126.50,50.00,65.00
2187,13/11/2024,103.00,63.00,126.50,50.00,65.00
2186,12/11/2024,105.00,63.00,126.00,50.00,65.00
2185,11/11/2024,105.00,63.00,127.00,50.00,65.00
2183,08/11/2024,108.00,63.00,126.50,50.00,65.00
2182,07/11/2024,112.00,63.00,126.50,50.00,65.00
2181,06/11/2024,112.00,63.00,126.50,50.00,65.00
2180,05/11/2024,112.00,63.00,126.50,50.00,65.00
2179,04/11/2024,112.00,60.00,126.50,48.00,65.00
2178,01/11/2024,112.00,60.00,126.00,48.00,65.00
2177,31/10/2024,112.00,60.00,125.00,48.00,65.00
2176,30/10/2024,112.00,60.00,125.00,48.00,65.00
2175,29/10/2024,112.00,60.00,125.00,48.00,65.00
2174,28/10/2024,112.00,60.00,126.00,48.00,65.00
2173,25/10/2024,112.00,60.00,126.00,48.00,65.00
2172,24/10/2024,112.00,60.00,125.00,48.00,65.00
2171,23/10/2024,112.00,60.00,125.00,48.00,65.00
2170,22/10/2024,112.00,55.00,124.00,44.00,65.00
2169,21/10/2024,112.00,55.00,123.50,44.00,65.00
2168,18/10/2024,112.00,55.00,122.00,44.00,65.00
2167,17/10/2024,112.00,55.00,122.00,44.00,65.00
2166,16/10/2024,112.00,55.00,122.00,44.00,65.00
2165,15/10/2024,112.00,55.00,121.00,44.00,65.00
2163,14/10/2024,112.00,55.00,122.50,44.00,65.00
2162,11/10/2024,112.00,55.00,122.50,44.00,65.00
2161,10/10/2024,112.00,55.00,121.50,44.00,65.00
2159,09/10/2024,112.00,55.00,120.00,44.00,65.00
2158,08/10/2024,112.00,55.00,120.00,44.00,65.00
2157,07/10/2024,112.00,55.00,121.50,44.00,65.00
2156,04/10/2024,112.00,55.00,122.00,44.00,65.00
2155,03/10/2024,112.00,55.00,122.00,44.00,65.00
2154,02/10/2024,112.00,55.00,122.00,44.00,65.00
2153,01/10/2024,112.00,55.00,121.50,44.00,65.00
2152,30/09/2024,112.00,55.00,122.00,44.00,69.00
2151,27/09/2024,112.00,55.00,122.50,44.00,69.00
2150,26/09/2024,112.00,55.00,122.00,44.00,69.00
2149,25/09/2024,112.00,55.00,122.00,44.00,69.00
2148,24/09/2024,112.00,55.00,123.00,44.00,69.00
2147,23/09/2024,112.00,55.00,121.00,44.00,69.00
2146,19/09/2024,112.00,55.00,119.50,44.00,69.00
2145,18/09/2024,112.00,55.00,121.00,44.00,69.00
2144,17/09/2024,112.00,55.00,121.00,44.00,69.00
2143,16/09/2024,112.00,55.00,121.00,44.00,69.00
2142,13/09/2024,112.00,55.00,122.50,44.00,69.00
2141,12/09/2024,112.00,55.00,122.50,44.00,69.00
2140,11/09/2024,112.00,55.00,122.00,44.00,69.00
2139,10/09/2024,112.00,55.00,122.00,44.00,69.00
2138,09/09/2024,112.00,55.00,121.00,44.00,69.00
2137,06/09/2024,112.00,55.00,121.00,44.00,69.00
2136,05/09/2024,112.00,55.00,121.00,44.00,69.00
2135,04/09/2024,112.00,55.00,121.00,44.00,69.00
2134,03/09/2024,112.00,55.00,120.00,44.00,69.00
2133,02/09/2024,112.00,55.00,119.00,44.00,69.00
2132,30/08/2024,112.00,55.00,118.50,44.00,69.00
2130,29/08/2024,112.00,55.00,116.00,44.00,69.00
2129,28/08/2024,112.00,55.00,114.50,44.00,69.00
2128,27/08/2024,112.00,55.00,114.00,44.00,69.00
2127,26/08/2024,112.00,55.00,114.00,44.00,69.00
2126,23/08/2024,112.00,55.00,114.00,44.00,69.00
2125,22/08/2024,112.00,55.00,114.00,44.00,69.00
2124,21/08/2024,112.00,55.00,113.50,44.00,69.00
2123,20/08/2024,112.00,55.00,113.00,44.00,69.00
2122,19/08/2024,112.00,55.00,113.00,44.00,69.00
2121,16/08/2024,110.00,55.00,112.50,44.00,69.00
2120,15/08/2024,110.00,55.00,112.50,44.00,69.00
2119,14/08/2024,110.00,55.00,112.50,44.00,69.00
2118,13/08/2024,110.00,55.00,114.00,44.00,69.00
2117,12/08/2024,110.00,55.00,115.00,44.00,69.00
2116,09/08/2024,110.00,55.00,118.00,44.00,69.00
2115,08/08/2024,110.00,55.00,121.00,44.00,69.00
2114,07/08/2024,110.00,55.00,121.00,44.00,69.00
2113,06/08/2024,110.00,55.00,122.50,44.00,69.00
2111,05/08/2024,110.00,55.00,123.50,44.00,69.00
2110,02/08/2024,110.00,55.00,123.50,44.00,69.00
2109,01/08/2024,110.00,55.00,121.50,44.00,69.00
2108,31/07/2024,110.00,55.00,119.50,44.00,69.00
2107,30/07/2024,110.00,55.00,119.50,44.00,69.00
2106,29/07/2024,110.00,55.00,121.00,44.00,69.00
2105,26/07/2024,110.00,55.00,124.00,44.00,69.00
2104,25/07/2024,110.00,55.00,124.50,44.00,69.00
2103,24/07/2024,110.00,55.00,123.00,44.00,69.00
2102,23/07/2024,110.00,55.00,122.00,44.00,69.00
2101,22/07/2024,110.00,55.00,120.00,44.00,69.00
2100,19/07/2024,110.00,55.00,118.00,44.00,69.00
2099,18/07/2024,110.00,55.00,117.00,44.00,69.00
2098,17/07/2024,110.00,55.00,116.50,44.00,69.00
2097,16/07/2024,110.00,55.00,116.00,44.00,69.00
2096,15/07/2024,110.00,55.00,117.00,44.00,69.00
2095,12/07/2024,110.00,55.00,118.50,44.00,69.00
2094,11/07/2024,110.00,55.00,118.50,44.00,69.00
2093,10/07/2024,110.00,55.00,118.00,44.00,69.00
2092,09/07/2024,110.00,55.00,120.00,44.00,68.00
2091,08/07/2024,110.00,55.00,122.00,44.00,68.00
2090,05/07/2024,110.00,55.00,124.00,44.00,68.00
2089,04/07/2024,110.00,55.00,123.50,44.00,68.00
2088,03/07/2024,110.00,55.00,125.50,44.00,68.00
2087,02/07/2024,110.00,55.00,124.00,44.00,65.00
2086,01/07/2024,110.00,55.00,122.50,44.00,65.00
2084,28/06/2024,110.00,55.00,121.50,44.00,65.00
2083,27/06/2024,110.00,55.00,121.50,44.00,65.00
2082,26/06/2024,110.00,55.00,121.50,44.00,65.00
2081,25/06/2024,110.00,55.00,120.50,44.00,65.00
2080,24/06/2024,110.00,55.00,120.50,44.00,65.00
2079,21/06/2024,110.00,55.00,120.50,44.00,65.00
2078,20/06/2024,110.00,55.00,121.00,44.00,65.00
2077,19/06/2024,110.00,55.00,121.50,44.00,65.00
2076,18/06/2024,110.00,55.00,121.50,44.00,65.00
2075,17/06/2024,110.00,55.00,121.50,44.00,65.00
2074,14/06/2024,112.00,55.00,122.50,44.00,65.00
2073,13/06/2024,112.00,55.00,122.50,44.00,65.00
2072,12/06/2024,112.00,55.00,122.00,44.00,65.00
2071,11/06/2024,112.00,55.00,121.50,44.00,65.00
2070,10/06/2024,112.00,55.00,121.00,44.00,65.00
2069,07/06/2024,0.00,55.00,120.50,44.00,65.00
2068,06/06/2024,0.00,55.00,0.00,44.00,65.00
2067,05/06/2024,118.00,55.00,118.50,44.00,65.00
2066,04/06/2024,118.00,55.00,118.50,44.00,65.00
2065,03/06/2024,118.00,55.00,118.50,44.00,65.00
2064,31/05/2024,118.00,55.00,120.00,44.00,65.00
2063,29/05/2024,118.00,55.00,119.00,44.00,65.00
2062,28/05/2024,118.00,55.00,119.00,44.00,65.00
2061,27/05/2024,118.00,55.00,121.50,44.00,62.00
2060,24/05/2024,116.00,55.00,121.50,44.00,62.00
2059,23/05/2024,116.00,55.00,121.50,44.00,62.00
2058,22/05/2024,114.00,55.00,120.50,44.00,62.00
2057,21/05/2024,114.00,54.00,120.50,43.00,62.00
2056,20/05/2024,114.00,54.00,119.50,43.00,62.00
2054,17/05/2024,111.50,54.00,119.00,43.00,62.00
2053,16/05/2024,111.50,53.00,118.00,42.00,62.00
2052,15/05/2024,110.00,53.00,118.00,42.00,62.00
2051,14/05/2024,110.00,53.00,118.00,42.00,62.00
2050,13/05/2024,110.00,49.00,119.00,39.00,62.00
2049,10/05/2024,108.50,49.00,119.00,39.00,62.00
2048,09/05/2024,108.50,49.00,119.00,39.00,62.00
2047,08/05/2024,108.50,49.00,119.50,39.00,62.00
2046,07/05/2024,107.00,49.00,119.00,39.00,62.00
2045,06/05/2024,107.00,49.00,118.00,39.00,62.00
2044,03/05/2024,107.00,49.00,118.00,39.00,62.00
2043,02/05/2024,107.00,49.00,117.50,39.00,62.00
2042,30/04/2024,106.00,49.00,116.50,39.00,62.00
2041,29/04/2024,106.00,49.00,117.50,39.00,62.00
2040,26/04/2024,106.00,49.00,118.50,39.00,62.00
2039,25/04/2024,106.00,49.00,119.50,39.00,62.00
2038,24/04/2024,103.50,49.00,119.50,39.00,62.00
2036,23/04/2024,103.50,49.00,120.00,39.00,62.00
2035,22/04/2024,102.50,49.00,120.00,39.00,62.00
2034,19/04/2024,102.50,49.00,120.00,39.00,62.00
2033,18/04/2024,101.50,49.00,119.50,39.00,62.00
2032,17/04/2024,101.50,49.00,119.50,39.00,62.00
2031,16/04/2024,100.00,49.00,118.50,39.00,62.00
2030,15/04/2024,100.00,49.00,118.00,39.00,62.00
2029,12/04/2024,100.00,49.00,118.00,39.00,62.00
2028,11/04/2024,100.00,49.00,118.00,39.00,62.00
2027,10/04/2024,100.00,49.00,118.00,39.00,62.00
2026,09/04/2024,100.00,49.00,118.00,39.00,62.00
2025,08/04/2024,100.00,49.00,118.00,39.00,62.00
2024,05/04/2024,100.00,49.00,117.00,39.00,62.00
2023,04/04/2024,100.00,49.00,116.00,39.00,62.00
2022,03/04/2024,100.00,49.00,116.00,39.00,62.00
2020,02/04/2024,100.00,49.00,116.00,39.00,62.00
2019,01/04/2024,100.00,49.00,114.50,39.00,62.00
2018,28/03/2024,100.00,49.00,114.50,39.00,62.00
2017,27/03/2024,100.00,49.00,114.50,39.00,62.00
2016,26/03/2024,100.00,49.00,113.50,39.00,62.00
2015,25/03/2024,100.00,49.00,113.50,39.00,62.00
2014,22/03/2024,101.00,49.00,113.50,39.00,62.00
2013,21/03/2024,101.00,49.00,113.50,39.00,62.00
2012,20/03/2024,101.00,49.00,112.00,39.00,62.00
2011,19/03/2024,101.00,49.00,111.50,39.00,62.00
2010,18/03/2024,101.00,49.00,111.50,39.00,62.00
2009,15/03/2024,101.00,49.00,111.00,39.00,62.00
2008,14/03/2024,101.00,49.00,110.50,39.00,62.00
2007,13/03/2024,101.00,49.00,110.50,39.00,62.00
2006,12/03/2024,101.00,49.00,109.50,39.00,62.00
2005,11/03/2024,101.00,49.00,109.50,39.00,62.00
2004,08/03/2024,101.00,49.00,109.00,39.00,62.00
2003,07/03/2024,101.00,49.00,108.50,39.00,62.00
2002,06/03/2024,101.00,49.00,108.50,39.00,62.00
2001,05/03/2024,101.00,49.00,108.50,39.00,62.00
2000,04/03/2024,101.00,49.00,108.50,39.00,62.00
1999,01/03/2024,101.00,49.00,107.50,39.00,62.00
1998,29/02/2024,101.00,49.00,107.50,39.00,62.00
1997,28/02/2024,101.00,49.00,107.50,39.00,62.00
1996,27/02/2024,101.00,49.00,107.50,39.00,62.00
1995,26/02/2024,101.00,49.00,107.50,39.00,62.00
1994,23/02/2024,103.00,49.00,107.50,39.00,62.00
1993,22/02/2024,103.00,49.00,108.50,39.00,62.00
1992,21/02/2024,105.00,49.00,107.50,39.00,62.00
1991,20/02/2024,105.00,49.00,108.50,39.00,62.00
1990,19/02/2024,105.00,49.00,108.50,39.00,62.00
1989,16/02/2024,107.00,49.00,108.50,39.00,62.00
1988,15/02/2024,107.00,49.00,109.50,39.00,62.00
1987,14/02/2024,107.00,49.00,110.50,39.00,62.00
1986,09/02/2024,110.00,49.00,111.00,39.00,62.00
1985,08/02/2024,110.00,49.00,111.00,39.00,62.00
1984,07/02/2024,110.00,49.00,110.50,39.00,62.00
1983,06/02/2024,110.00,49.00,111.50,39.00,62.00
1982,05/02/2024,110.00,49.00,111.50,39.00,62.00
1981,02/02/2024,110.00,49.00,112.00,39.00,62.00
1980,01/02/2024,113.00,49.00,112.50,39.00,62.00
1979,31/01/2024,113.00,49.00,112.50,39.00,62.00
1978,30/01/2024,113.00,49.00,112.50,39.00,62.00
1977,29/01/2024,113.00,49.00,113.50,39.00,62.00
1976,26/01/2024,116.00,49.00,115.00,39.00,62.00
1975,25/01/2024,116.00,49.00,117.00,39.00,62.00
1974,24/01/2024,119.00,51.00,117.00,41.00,62.00
1973,23/01/2024,119.00,51.00,117.00,41.00,62.00
1972,22/01/2024,119.00,51.00,116.00,41.00,62.00
1971,19/01/2024,119.00,51.00,116.00,41.00,62.00
1970,18/01/2024,119.00,51.00,116.00,41.00,62.00
1969,17/01/2024,119.00,54.00,117.00,43.00,62.00
1968,16/01/2024,119.00,57.00,119.00,45.00,62.00
1967,15/01/2024,119.00,60.00,119.00,48.00,62.00
1966,12/01/2024,119.00,60.00,122.50,48.00,62.00
1965,11/01/2024,119.00,60.00,122.50,48.00,62.00
1964,10/01/2024,119.00,60.00,122.00,48.00,62.00
1963,09/01/2024,119.00,63.00,122.00,50.00,62.00
1962,08/01/2024,119.00,63.00,122.00,50.00,62.00
1961,05/01/2024,119.00,63.00,124.00,50.00,62.00
1960,04/01/2024,119.00,61.00,124.00,49.00,62.00
1959,03/01/2024,119.00,61.00,126.00,49.00,62.00
1958,02/01/2024,119.00,61.00,128.00,49.00,62.00
1957,28/12/2023,119.00,61.00,130.50,49.00,62.00
1956,27/12/2023,119.00,61.00,130.50,49.00,62.00
1955,26/12/2023,119.00,61.00,133.00,49.00,62.00
1954,22/12/2023,118.00,61.00,132.00,49.00,62.00
1953,21/12/2023,118.00,61.00,132.00,48.00,62.00
1952,20/12/2023,118.00,60.00,133.00,48.00,62.00
1951,19/12/2023,116.00,60.00,133.00,48.00,62.00
1950,18/12/2023,116.00,60.00,134.50,48.00,62.00
1949,15/12/2023,115.00,60.00,134.50,48.00,62.00
1948,14/12/2023,115.00,60.00,134.50,48.00,62.00
1947,13/12/2023,115.00,57.00,136.50,45.00,62.00
1946,12/12/2023,114.00,57.00,138.00,45.00,62.00
1945,11/12/2023,114.00,57.00,136.50,45.00,62.00
1944,08/12/2023,113.00,57.00,135.00,45.00,62.00
1943,07/12/2023,113.00,57.00,135.00,45.00,62.00
1942,06/12/2023,113.00,57.00,137.50,45.00,62.00
1941,05/12/2023,112.00,57.00,137.50,45.00,62.00
1940,04/12/2023,112.00,57.00,137.50,45.00,62.00
1939,01/12/2023,110.00,55.00,139.50,44.00,62.00
1938,30/11/2023,110.00,55.00,139.50,44.00,62.00
1937,29/11/2023,109.00,55.00,139.50,44.00,62.00
1936,28/11/2023,109.00,55.00,140.50,44.00,62.00
1935,27/11/2023,109.00,55.00,140.50,44.00,62.00
1934,24/11/2023,108.00,55.00,139.50,44.00,62.00
1933,23/11/2023,108.00,55.00,141.50,44.00,62.00
1932,22/11/2023,108.00,55.00,141.50,44.00,62.00
1931,21/11/2023,106.50,55.00,141.50,44.00,62.00
1930,20/11/2023,106.50,55.00,139.50,44.00,62.00
1928,17/11/2023,105.50,55.00,139.50,44.00,62.00
1927,16/11/2023,105.50,52.00,138.50,41.00,62.00
1926,14/11/2023,103.50,52.00,140.50,41.00,60.00
1925,13/11/2023,103.50,52.00,138.00,41.00,60.00
1924,10/11/2023,102.00,52.00,137.50,41.00,58.00
1923,09/11/2023,102.00,52.00,138.50,41.00,58.00
1922,08/11/2023,102.00,52.00,137.50,41.00,58.00
1921,07/11/2023,102.00,52.00,135.50,41.00,58.00
1920,06/11/2023,101.00,52.00,135.50,41.00,58.00
1919,03/11/2023,101.00,52.00,133.50,41.00,58.00
1918,01/11/2023,101.00,52.00,134.50,41.00,58.00
1917,31/10/2023,100.50,52.00,133.50,41.00,58.00
1916,30/10/2023,100.00,52.00,133.50,41.00,58.00
1915,27/10/2023,100.00,52.00,133.50,41.00,50.00
1913,26/10/2023,100.00,52.00,133.50,41.00,50.00
1912,25/10/2023,100.00,52.00,133.50,41.00,50.00
1911,24/10/2023,100.00,52.00,132.50,41.00,50.00
1910,23/10/2023,100.00,52.00,133.50,41.00,50.00
1909,20/10/2023,100.00,52.00,134.50,41.00,50.00
1908,19/10/2023,100.00,52.00,134.50,41.00,51.00
1907,18/10/2023,100.00,52.00,133.50,41.00,52.00
1906,17/10/2023,100.00,52.00,131.50,41.00,52.00
1905,16/10/2023,100.00,52.00,131.50,41.00,53.00
1904,13/10/2023,100.00,52.00,132.50,41.00,53.00
1903,11/10/2023,100.00,52.00,130.00,41.00,53.00
1902,10/10/2023,100.00,52.00,132.50,41.00,53.00
1901,09/10/2023,100.00,52.00,134.50,41.00,54.00
1900,06/10/2023,100.00,52.00,134.50,41.00,54.00
1899,05/10/2023,100.00,52.00,134.50,41.00,54.00
1898,04/10/2023,100.00,52.00,133.50,41.00,54.00
1897,03/10/2023,100.00,52.00,132.00,41.00,54.00
1896,02/10/2023,100.00,53.00,132.00,42.00,56.00
1895,29/09/2023,100.00,53.00,133.50,42.00,58.00
1894,28/09/2023,100.00,53.00,135.00,42.00,61.00
1893,27/09/2023,99.00,53.00,134.50,42.00,61.00
1892,26/09/2023,99.00,53.00,134.50,42.00,61.00
1891,25/09/2023,98.50,53.00,132.50,42.00,61.00
1890,22/09/2023,98.00,53.00,131.00,42.00,61.00
1889,21/09/2023,98.00,53.00,131.00,42.00,61.00
1888,19/09/2023,98.00,53.00,133.00,42.00,61.00
1887,18/09/2023,97.50,53.00,135.00,42.00,61.00
1885,15/09/2023,97.50,53.00,139.00,42.00,61.00
1884,14/09/2023,97.50,53.00,139.00,42.00,61.00
1883,13/09/2023,97.50,53.00,140.50,42.00,61.00
1882,12/09/2023,96.50,53.00,141.50,42.00,61.00
1881,11/09/2023,96.50,53.00,142.00,42.00,61.00
1880,08/09/2023,96.50,54.00,143.00,43.00,65.00
1879,06/09/2023,96.50,54.00,144.00,43.00,65.00
1877,05/09/2023,96.50,54.00,143.00,43.00,65.00
1876,04/09/2023,96.50,53.00,143.00,43.00,65.00
1875,01/09/2023,96.50,53.00,143.00,43.00,65.00
1874,31/08/2023,96.50,54.00,143.00,43.00,65.00
1873,30/08/2023,96.50,54.00,143.00,43.00,65.00
1872,29/08/2023,95.00,54.00,143.00,43.00,65.00
1871,28/08/2023,95.00,54.00,142.00,43.00,65.00
1870,25/08/2023,94.50,54.00,139.50,43.00,65.00
1869,24/08/2023,93.50,54.00,138.50,43.00,65.00
1868,23/08/2023,93.50,54.00,137.50,43.00,65.00
1866,22/08/2023,93.00,54.00,140.50,43.00,65.00
1865,21/08/2023,92.00,54.00,139.50,43.00,65.00
1864,18/08/2023,91.00,54.00,138.50,43.00,65.00
1863,17/08/2023,91.00,54.00,137.50,43.00,65.00
1862,16/08/2023,90.00,54.00,137.50,43.00,65.00
1861,15/08/2023,90.00,54.00,137.50,43.00,65.00
1860,14/08/2023,90.00,54.00,137.50,43.00,65.00
1858,11/08/2023,88.00,52.00,137.50,41.00,65.00
1857,10/08/2023,88.00,52.00,137.50,41.00,65.00
1856,09/08/2023,86.00,52.00,137.50,41.00,65.00
1855,08/08/2023,86.00,52.00,135.50,41.00,65.00
1854,07/08/2023,86.00,52.00,136.00,41.00,65.00
1853,04/08/2023,85.00,52.00,137.50,41.00,65.00
1852,03/08/2023,85.00,52.00,136.50,41.00,65.00
1851,02/08/2023,84.00,52.00,134.50,41.00,65.00
1850,01/08/2023,84.00,52.00,133.00,41.00,65.00
1849,31/07/2023,84.00,52.00,135.00,41.00,65.00
1848,28/07/2023,83.00,52.00,139.50,41.00,65.00
1847,27/07/2023,83.00,52.00,140.00,41.00,65.00
1846,26/07/2023,83.00,52.00,139.00,41.00,65.00
1845,25/07/2023,82.00,52.00,138.00,41.00,64.00
1844,24/07/2023,82.00,52.00,139.00,41.00,64.00
1843,21/07/2023,81.00,52.00,137.50,41.00,64.00
1842,20/07/2023,80.50,52.00,137.00,41.00,64.00
1841,19/07/2023,80.50,52.00,137.00,41.00,64.00
1840,18/07/2023,79.50,52.00,135.50,41.00,64.00
1839,17/07/2023,79.50,52.00,135.00,41.00,64.00
1838,14/07/2023,79.50,52.00,134.50,41.00,64.00
1837,13/07/2023,79.50,52.00,133.50,41.00,64.00
1836,12/07/2023,79.50,52.00,132.50,41.00,64.00
1835,11/07/2023,79.50,52.00,134.50,41.00,64.00
1834,10/07/2023,79.50,52.00,133.50,41.00,64.00
1833,07/07/2023,79.50,52.00,133.50,41.00,64.00
1832,06/07/2023,79.50,52.00,133.50,41.00,64.00
1831,05/07/2023,79.50,52.00,133.50,41.00,64.00
1829,04/07/2023,79.50,52.00,132.50,41.00,64.00
1828,03/07/2023,79.50,52.00,131.50,41.00,64.00
1827,30/06/2023,79.50,52.00,128.50,41.00,64.00
1826,29/06/2023,79.50,52.00,124.50,41.00,64.00
1825,28/06/2023,79.50,52.00,125.00,41.00,64.00
1824,27/06/2023,79.50,52.00,125.00,41.00,64.00
1823,26/06/2023,79.50,52.00,125.00,41.00,64.00
1822,23/06/2023,79.50,52.00,124.50,41.00,64.00
1821,22/06/2023,79.50,52.00,126.50,41.00,64.00
1820,21/06/2023,79.50,52.00,126.50,41.00,64.00
1818,20/06/2023,79.50,52.00,125.50,41.00,64.00
1817,19/06/2023,79.50,52.00,125.50,41.00,64.00
1816,16/06/2023,79.50,52.00,124.50,41.00,64.00
1815,15/06/2023,79.50,52.00,123.50,41.00,64.00
1813,14/06/2023,80.00,52.00,123.50,41.00,64.00
1812,13/06/2023,80.00,52.00,123.50,41.00,64.00
1811,12/06/2023,80.00,52.00,123.00,41.00,64.00
1810,09/06/2023,80.00,52.00,123.00,41.00,64.00
1809,07/06/2023,80.00,52.00,122.50,41.00,64.00
1807,06/06/2023,80.00,52.00,122.50,41.00,64.00
1806,05/06/2023,80.00,52.00,122.50,41.00,64.00
1805,02/06/2023,80.50,52.00,122.50,41.00,64.00
1804,01/06/2023,80.50,52.00,121.00,41.00,64.00
1803,31/05/2023,80.50,52.00,120.50,42.00,64.00
1802,30/05/2023,80.50,53.00,122.50,42.00,65.00
1801,29/05/2023,80.50,53.00,123.50,42.00,65.00
1800,26/05/2023,81.00,53.00,123.50,42.00,65.00
1799,25/05/2023,81.00,54.00,121.50,43.00,65.00
1798,24/05/2023,81.00,54.00,121.50,43.00,65.00
1797,23/05/2023,81.00,56.00,122.50,45.00,66.00
1796,22/05/2023,81.00,56.00,122.50,45.00,66.00
1795,19/05/2023,83.00,56.00,122.50,45.00,66.00
1794,18/05/2023,83.00,56.00,121.50,45.00,66.00
1793,17/05/2023,83.00,56.00,122.00,45.00,66.00
1792,16/05/2023,83.00,56.00,124.50,45.00,66.00
1791,15/05/2023,83.00,56.00,125.50,45.00,66.00
1790,12/05/2023,83.00,56.00,125.50,45.00,66.00
1788,11/05/2023,85.50,56.00,124.50,45.00,66.00
1787,10/05/2023,85.50,56.00,125.50,45.00,66.00
1786,09/05/2023,85.50,58.00,126.50,46.00,68.00
1784,08/05/2023,85.50,58.00,126.50,46.00,68.00
1783,05/05/2023,85.50,60.00,126.00,48.00,70.00
1782,04/05/2023,85.50,60.00,124.50,48.00,70.00
1781,03/05/2023,85.50,60.00,124.00,48.00,70.00
1779,02/05/2023,85.50,60.00,124.50,48.00,70.00
1778,28/04/2023,85.50,60.00,124.50,48.00,70.00
1777,27/04/2023,85.50,62.00,124.50,49.00,70.00
1776,26/04/2023,85.50,62.00,125.50,49.00,70.00
1775,25/04/2023,85.50,64.00,127.50,51.00,77.00
1774,24/04/2023,85.50,66.00,133.00,53.00,77.00
1773,20/04/2023,85.00,68.00,136.00,54.00,77.00
1772,19/04/2023,85.00,70.00,137.50,56.00,77.00
1771,18/04/2023,85.00,72.00,138.50,57.00,77.00
1770,17/04/2023,85.00,72.00,140.50,57.00,77.00
1769,14/04/2023,85.00,75.00,141.50,60.00,77.00
1768,13/04/2023,85.00,75.00,143.50,60.00,77.00
1767,12/04/2023,85.00,75.00,144.00,60.00,77.00
1766,11/04/2023,85.00,75.00,144.50,60.00,77.00
1765,10/04/2023,84.00,75.00,144.50,60.00,77.00
1764,06/04/2023,84.00,75.00,146.00,60.00,77.00
1763,05/04/2023,84.00,75.00,147.00,60.00,77.00
1762,04/04/2023,83.50,75.00,147.50,60.00,77.00
1761,03/04/2023,83.50,75.00,147.00,60.00,77.00
1760,31/03/2023,83.00,76.00,145.50,61.00,77.00
1759,30/03/2023,82.50,76.00,145.50,61.00,77.00
1758,29/03/2023,82.50,76.00,145.50,61.00,77.00
1757,28/03/2023,82.50,76.00,145.50,61.00,77.00
1756,27/03/2023,82.50,76.00,145.50,61.00,77.00
1755,23/03/2023,82.00,77.00,147.50,61.00,77.00
1754,22/03/2023,82.00,77.00,152.00,63.00,77.00
1753,21/03/2023,82.00,78.50,156.00,63.00,77.00
1752,20/03/2023,82.00,78.50,158.50,63.00,77.00
1751,17/03/2023,82.00,78.50,160.00,63.00,77.00
1750,16/03/2023,81.00,78.50,160.00,63.00,77.00
1749,15/03/2023,81.00,78.50,160.00,63.00,77.00
1748,14/03/2023,81.00,79.00,160.00,63.00,77.00
1746,13/03/2023,81.00,80.00,160.00,64.00,77.00
1744,10/03/2023,81.00,81.00,160.00,65.00,77.00
1742,09/03/2023,81.00,83.00,160.50,66.00,77.00
1741,08/03/2023,81.00,83.00,160.50,66.00,77.00
1740,07/03/2023,81.00,83.00,160.50,66.00,77.00
1739,06/03/2023,81.00,83.00,160.50,66.00,77.00
1738,03/03/2023,81.00,83.00,160.50,66.00,77.00
1737,02/03/2023,80.00,83.00,159.50,66.00,77.00
1736,01/03/2023,80.00,83.00,159.50,66.00,77.00
1735,28/02/2023,80.00,83.00,161.50,66.00,77.00
1734,27/02/2023,80.00,83.00,163.50,66.00,77.00
1733,24/02/2023,80.00,83.00,163.50,66.00,77.00
1732,23/02/2023,80.00,83.00,163.50,66.00,77.00
1731,22/02/2023,80.00,83.00,163.50,66.00,77.00
1730,17/02/2023,80.00,82.00,163.50,65.00,77.00
1729,16/02/2023,80.00,82.00,163.50,65.00,77.00
1728,15/02/2023,80.00,82.00,164.00,65.00,77.00
1727,14/02/2023,80.00,82.00,165.00,65.00,77.00
1726,13/02/2023,80.00,82.00,165.00,65.00,77.00
1725,10/02/2023,81.00,82.00,165.00,65.00,77.00
1724,09/02/2023,81.00,82.00,164.00,65.00,77.00
1723,08/02/2023,81.00,82.00,164.50,65.00,77.00
1722,07/02/2023,81.00,82.00,163.00,65.00,77.00
1721,06/02/2023,81.00,83.00,163.00,66.00,77.00
1720,03/02/2023,82.00,83.00,163.00,66.00,77.00
1719,02/02/2023,85.00,83.00,163.00,66.00,77.00
1718,01/02/2023,85.00,85.00,164.00,68.00,77.00
1717,31/01/2023,85.00,85.00,164.00,68.00,77.00
1716,30/01/2023,85.00,85.00,164.50,68.00,77.00
1715,27/01/2023,85.00,85.00,164.00,68.00,77.00
1714,26/01/2023,85.00,85.00,163.00,68.00,77.00
1713,25/01/2023,85.00,87.00,164.00,70.00,77.00
1712,24/01/2023,85.00,87.00,165.00,70.00,77.00
1711,23/01/2023,85.00,87.00,168.50,70.00,77.00
1710,20/01/2023,85.00,87.00,168.50,70.00,77.00
1709,19/01/2023,85.00,87.00,168.50,70.00,77.00
1708,18/01/2023,86.00,87.00,167.00,70.00,77.00
1707,17/01/2023,86.00,87.00,168.50,70.00,77.50
1706,16/01/2023,86.00,87.00,168.50,70.00,77.50
1705,13/01/2023,88.50,87.00,168.50,70.00,77.50
1704,12/01/2023,88.50,87.00,168.50,70.00,77.50
1703,11/01/2023,88.50,87.00,170.50,70.00,77.50
1702,10/01/2023,88.50,86.00,171.50,69.00,78.50
1701,09/01/2023,88.50,86.00,172.50,69.00,78.50
1700,06/01/2023,88.50,86.00,173.00,69.00,78.50
1699,05/01/2023,88.50,84.50,173.00,67.00,78.50
1698,04/01/2023,88.50,84.50,173.00,67.00,78.50
1697,03/01/2023,88.50,84.50,173.00,67.00,78.50
1696,02/01/2023,88.50,84.50,173.00,67.00,78.50
1695,29/12/2022,88.50,84.50,172.00,67.00,78.50
1694,28/12/2022,88.00,84.50,172.00,67.00,78.50
1693,27/12/2022,88.00,84.50,169.50,67.00,78.50
1692,26/12/2022,88.00,84.50,169.50,67.00,78.50
1691,23/12/2022,88.00,84.50,170.50,67.00,78.50
1690,22/12/2022,88.00,84.50,170.50,67.00,79.50
1689,21/12/2022,88.00,84.50,171.50,67.00,82.50
1688,20/12/2022,87.50,84.50,171.50,67.00,83.00
1687,19/12/2022,86.50,84.50,172.50,67.00,83.00
1686,16/12/2022,86.50,84.50,173.50,67.00,84.50
1685,15/12/2022,86.50,84.50,173.50,67.00,84.50
1684,14/12/2022,86.50,84.00,172.50,67.00,84.50
1683,13/12/2022,86.50,84.00,172.00,67.00,84.50
1682,12/12/2022,85.00,84.00,171.00,67.00,84.50
1681,09/12/2022,85.00,84.00,171.50,67.00,84.50
1680,08/12/2022,85.00,84.00,170.50,67.00,84.50
1679,07/12/2022,84.00,84.00,170.50,67.00,84.50
1678,06/12/2022,84.00,84.00,167.50,67.00,84.50
1677,05/12/2022,84.00,84.00,165.50,67.00,84.50
1676,02/12/2022,84.00,84.00,165.50,67.00,85.50
1675,01/12/2022,83.00,84.00,168.50,67.00,87.50
1674,30/11/2022,83.00,83.00,171.50,66.00,88.00
1673,29/11/2022,82.50,83.00,171.50,66.00,89.00
1672,28/11/2022,82.50,83.00,171.50,66.00,90.50
1671,25/11/2022,82.00,83.00,171.50,66.00,90.50
1670,24/11/2022,82.00,83.00,171.50,66.00,90.50
1669,23/11/2022,82.00,83.00,171.50,66.00,90.50
1668,22/11/2022,82.00,83.00,170.50,66.00,91.00
1667,21/11/2022,80.00,83.00,170.50,66.00,91.00
1666,18/11/2022,80.00,83.00,174.50,66.00,91.00
1665,17/11/2022,80.00,83.00,173.50,66.00,91.00
1664,16/11/2022,80.00,83.00,175.00,66.00,89.00
1663,14/11/2022,80.00,83.00,175.00,66.00,89.00
1662,11/11/2022,80.00,83.00,176.50,66.00,89.00
1661,10/11/2022,79.00,83.00,173.50,66.00,89.00
1660,09/11/2022,78.00,83.00,172.50,66.00,90.00
1659,08/11/2022,78.00,83.00,172.50,66.00,91.00
1658,07/11/2022,78.00,83.00,170.50,66.00,91.00
1657,04/11/2022,78.00,83.00,170.50,66.00,92.50
1656,03/11/2022,78.00,83.00,173.50,66.00,96.00
1655,01/11/2022,78.00,83.00,173.50,66.00,96.00
1654,31/10/2022,77.00,83.00,172.50,66.00,96.00
1653,28/10/2022,77.00,83.00,172.50,66.00,96.00
1652,27/10/2022,76.00,83.00,173.50,66.00,96.00
1651,26/10/2022,76.00,83.00,172.50,66.00,95.00
1650,25/10/2022,75.00,83.00,172.50,66.00,95.00
1649,24/10/2022,75.00,83.00,171.50,66.00,95.00
1648,21/10/2022,74.00,83.00,171.50,66.00,93.50
1647,20/10/2022,74.00,83.00,171.50,66.00,93.50
1646,19/10/2022,74.00,83.00,170.50,66.00,93.50
1645,18/10/2022,74.00,83.00,172.50,66.00,93.50
1644,17/10/2022,74.00,82.00,172.00,65.00,92.00
1643,14/10/2022,73.00,82.00,172.50,65.00,92.00
1642,13/10/2022,73.00,82.00,172.50,65.00,92.00
1641,11/10/2022,73.00,82.00,169.50,65.00,0.00
1640,10/10/2022,73.00,82.00,169.50,65.00,0.00
1639,07/10/2022,72.00,82.00,166.00,65.00,0.00
1638,06/10/2022,72.00,82.00,164.50,65.00,0.00
1637,05/10/2022,72.00,82.00,164.50,65.00,0.00
1636,04/10/2022,72.00,82.00,164.50,65.00,0.00
1635,03/10/2022,72.00,82.00,164.50,65.00,0.00
1634,30/09/2022,72.00,82.00,172.50,65.00,0.00
1633,29/09/2022,72.00,82.00,171.00,65.00,0.00
1632,28/09/2022,72.00,82.00,171.00,65.00,0.00
1631,27/09/2022,72.00,82.00,172.00,65.00,0.00
1630,26/09/2022,72.00,82.00,170.00,65.00,0.00
1629,23/09/2022,72.00,82.00,170.00,65.00,0.00
1628,22/09/2022,72.00,82.00,172.00,65.00,0.00
1627,21/09/2022,72.00,82.00,173.00,65.00,0.00
1626,19/09/2022,72.00,82.00,171.50,65.00,0.00
1625,16/09/2022,72.00,82.00,171.50,65.00,0.00
1624,15/09/2022,72.00,82.00,172.50,65.00,0.00
1623,14/09/2022,72.00,82.00,172.50,65.00,0.00
1622,13/09/2022,72.00,82.00,173.50,65.00,0.00
1621,12/09/2022,72.00,82.00,172.00,65.00,0.00
1620,09/09/2022,72.00,82.00,169.50,65.00,0.00
1619,08/09/2022,72.00,82.00,171.50,65.00,0.00
1618,06/09/2022,72.00,82.00,172.00,65.00,0.00
1617,05/09/2022,72.00,82.00,173.50,65.00,0.00
1616,02/09/2022,72.00,82.00,173.50,65.00,0.00
1615,01/09/2022,72.00,82.00,173.50,65.00,0.00
1614,31/08/2022,72.00,82.00,173.50,65.00,0.00
1613,30/08/2022,72.00,82.00,170.50,65.00,0.00
1612,29/08/2022,72.00,80.00,174.50,64.00,0.00
1611,26/08/2022,72.00,80.00,175.50,64.00,0.00
1610,25/08/2022,72.00,80.00,175.50,64.00,0.00
1609,24/08/2022,72.00,80.00,174.50,64.00,0.00
1608,23/08/2022,72.00,80.00,173.50,64.00,0.00
1607,22/08/2022,72.00,80.00,170.50,64.00,0.00
1606,19/08/2022,73.00,80.00,170.50,64.00,0.00
1605,18/08/2022,75.00,80.00,170.50,64.00,0.00
1604,17/08/2022,75.00,80.00,170.50,64.00,0.00
1603,16/08/2022,75.00,80.00,170.50,64.00,0.00
1602,15/08/2022,75.00,80.00,172.50,64.00,0.00
1601,12/08/2022,75.00,80.00,175.50,64.00,0.00
1600,11/08/2022,75.00,80.00,174.50,64.00,0.00
1599,10/08/2022,75.00,80.00,176.50,64.00,0.00
1598,09/08/2022,75.00,80.00,173.50,64.00,0.00
1597,08/08/2022,74.50,80.00,173.50,64.00,0.00
1596,05/08/2022,74.50,80.00,174.50,64.00,0.00
1595,04/08/2022,74.50,80.00,173.00,64.00,0.00
1594,03/08/2022,74.50,80.00,174.00,64.00,0.00
1593,02/08/2022,74.50,80.00,174.00,64.00,0.00
1592,01/08/2022,74.50,80.00,177.50,64.00,0.00
1591,29/07/2022,74.50,80.00,179.50,64.00,0.00
1590,28/07/2022,74.50,80.00,179.50,64.00,0.00
1589,27/07/2022,74.50,80.00,178.50,64.00,0.00
1588,26/07/2022,74.50,80.00,175.00,64.00,0.00
1587,25/07/2022,74.00,80.00,172.50,64.00,0.00
1586,22/07/2022,74.00,80.00,171.00,64.00,0.00
1585,21/07/2022,74.00,80.00,172.50,64.00,0.00
1584,20/07/2022,74.00,80.00,174.50,64.00,0.00
1583,19/07/2022,73.00,80.00,174.50,64.00,0.00
1582,18/07/2022,73.00,80.00,176.50,64.00,0.00
1581,15/07/2022,73.00,80.00,176.50,64.00,0.00
1580,14/07/2022,73.00,80.00,176.00,64.00,0.00
1579,13/07/2022,73.00,80.00,176.00,64.00,0.00
1578,12/07/2022,72.50,80.00,176.00,64.00,0.00
1577,11/07/2022,72.50,81.00,178.00,65.00,0.00
1576,08/07/2022,71.50,81.00,176.50,65.00,0.00
1575,07/07/2022,70.50,81.00,176.50,65.00,0.00
1574,06/07/2022,70.50,81.00,174.50,65.00,0.00
1573,05/07/2022,69.50,83.00,176.50,66.00,0.00
1572,04/07/2022,69.50,83.00,178.00,66.00,0.00
1571,01/07/2022,69.50,83.00,181.00,66.00,0.00
1570,30/06/2022,69.00,83.00,181.00,66.00,0.00
1569,29/06/2022,69.00,83.00,180.50,66.00,0.00
1568,28/06/2022,68.50,83.00,176.50,66.00,0.00
1567,27/06/2022,68.50,83.00,175.50,66.00,0.00
1566,24/06/2022,68.00,83.00,174.50,66.00,0.00
1565,23/06/2022,68.00,83.00,174.50,66.00,0.00
1564,22/06/2022,68.00,83.00,180.50,66.00,0.00
1563,21/06/2022,68.00,83.00,183.00,66.00,0.00
1562,20/06/2022,68.00,83.00,183.00,66.00,0.00
1561,17/06/2022,68.00,83.00,183.00,66.00,0.00
1560,15/06/2022,68.00,83.00,183.50,66.00,0.00
1559,14/06/2022,68.00,83.00,183.50,66.00,0.00
1558,13/06/2022,68.00,83.00,184.50,66.00,0.00
1557,10/06/2022,68.00,83.00,185.50,66.00,0.00
1556,09/06/2022,68.00,83.00,183.50,66.00,0.00
1555,08/06/2022,68.00,83.00,181.50,66.00,0.00
1554,07/06/2022,68.00,83.00,179.50,66.00,0.00
1553,06/06/2022,68.00,83.00,177.50,66.00,0.00
1552,03/06/2022,68.00,83.00,177.50,66.00,0.00
1551,02/06/2022,68.00,83.00,176.50,66.00,0.00
1550,01/06/2022,68.00,83.00,174.00,66.00,0.00
1549,31/05/2022,68.00,83.00,176.00,66.00,0.00
1548,30/05/2022,68.00,83.00,178.50,66.00,0.00
1547,27/05/2022,68.00,83.00,178.50,66.00,0.00
1546,26/05/2022,68.00,83.00,177.50,66.00,0.00
1545,25/05/2022,68.00,83.00,178.50,66.00,0.00
1544,24/05/2022,68.00,83.00,179.50,66.00,0.00
1543,23/05/2022,68.00,83.00,182.00,66.00,0.00
1542,20/05/2022,67.50,83.00,184.00,66.00,0.00
1541,19/05/2022,67.50,83.00,184.50,66.00,0.00
1540,18/05/2022,67.50,83.00,184.50,66.00,0.00
1539,17/05/2022,67.00,83.00,184.50,66.00,0.00
1538,16/05/2022,67.00,83.00,184.50,66.00,0.00
1537,13/05/2022,67.00,83.00,183.00,66.00,0.00
1536,12/05/2022,67.00,83.00,182.00,66.00,0.00
1535,11/05/2022,67.00,83.00,182.00,66.00,0.00
1534,10/05/2022,67.00,83.00,182.00,66.00,0.00
1533,09/05/2022,67.00,85.00,184.00,68.00,0.00
1532,06/05/2022,67.00,85.00,185.00,68.00,0.00
1531,05/05/2022,67.00,85.00,184.00,68.00,0.00
1530,04/05/2022,67.00,85.00,184.00,68.00,0.00
1529,03/05/2022,67.00,85.00,187.00,68.00,0.00
1528,02/05/2022,67.00,85.00,188.00,68.00,0.00
1527,29/04/2022,67.00,85.00,191.00,68.00,0.00
1526,28/04/2022,67.00,83.00,191.00,66.00,0.00
1525,27/04/2022,67.00,83.00,190.00,66.00,0.00
1524,26/04/2022,68.00,83.00,186.50,66.00,0.00
1523,25/04/2022,68.00,83.00,185.50,66.00,0.00
1522,22/04/2022,68.00,83.00,182.00,66.00,0.00
1521,20/04/2022,70.00,83.00,182.00,66.00,0.00
1520,19/04/2022,70.00,83.00,182.00,66.00,0.00
1519,18/04/2022,70.00,83.00,180.00,66.00,0.00
1518,14/04/2022,71.00,83.00,179.00,66.00,0.00
1517,13/04/2022,73.00,83.00,177.00,66.00,0.00
1516,12/04/2022,73.00,83.00,176.00,66.00,0.00
1515,11/04/2022,73.00,83.00,176.00,66.00,0.00
1514,08/04/2022,73.00,83.00,175.00,66.00,0.00
1513,07/04/2022,75.00,85.00,173.00,68.00,0.00
1512,06/04/2022,75.00,85.00,173.00,68.00,0.00
1511,05/04/2022,75.00,85.00,171.00,68.00,0.00
1510,04/04/2022,75.00,85.00,172.50,68.00,0.00
1509,01/04/2022,75.00,85.00,174.50,68.00,0.00
1508,31/03/2022,75.00,88.00,0.00,70.00,0.00
1507,30/03/2022,75.00,88.00,181.50,70.00,0.00
1506,29/03/2022,75.00,88.00,182.00,70.00,0.00
1505,28/03/2022,75.00,88.00,187.50,70.40,0.00
1504,25/03/2022,75.00,92.00,191.00,73.60,0.00
1503,24/03/2022,75.00,92.00,192.00,73.60,0.00
1502,23/03/2022,75.00,93.50,196.50,74.80,0.00
1501,22/03/2022,75.00,93.50,199.00,74.80,0.00
1500,21/03/2022,75.00,93.50,200.00,74.80,0.00
1499,18/03/2022,75.00,93.50,203.00,74.80,0.00
1498,17/03/2022,75.00,93.50,204.00,74.80,0.00
1497,16/03/2022,75.00,93.50,204.00,74.80,0.00
1496,15/03/2022,75.00,93.50,204.00,74.80,0.00
1495,14/03/2022,75.00,93.50,204.00,74.80,0.00
1494,11/03/2022,74.00,93.50,204.00,74.80,0.00
1492,10/03/2022,74.00,93.50,204.00,74.80,0.00
1491,09/03/2022,74.00,93.50,204.00,74.80,0.00
1490,08/03/2022,74.00,93.50,202.50,74.80,0.00
1489,07/03/2022,74.00,93.50,201.50,74.80,0.00
1488,04/03/2022,74.00,93.50,199.00,74.80,0.00
1487,03/03/2022,74.00,92.00,198.00,73.50,85.00
1486,02/03/2022,74.00,93.50,198.00,74.80,85.00
1485,25/02/2022,73.00,94.50,198.00,75.60,85.00
1484,24/02/2022,73.00,94.50,197.50,75.60,85.00
1483,23/02/2022,73.00,94.50,196.00,75.60,85.00
1482,22/02/2022,72.00,95.50,195.00,76.40,85.00
1481,21/02/2022,72.00,95.50,195.00,76.40,85.00
1480,18/02/2022,70.00,98.70,194.00,79.00,85.00
1479,17/02/2022,70.00,98.70,193.00,79.00,85.00
1478,16/02/2022,70.00,98.70,192.00,79.00,85.00
1477,15/02/2022,68.00,98.70,193.50,79.00,85.00
1476,14/02/2022,68.00,98.70,194.00,79.00,85.00
1475,11/02/2022,67.00,98.70,194.00,79.00,85.00
1474,10/02/2022,67.00,98.70,194.00,79.00,85.00
1473,09/02/2022,67.00,100.00,191.50,80.00,85.00
1472,08/02/2022,67.00,100.00,191.50,80.00,85.00
1471,07/02/2022,65.00,100.00,190.50,80.00,85.00
1470,04/02/2022,65.00,100.00,188.50,80.00,85.00
1469,03/02/2022,64.00,100.00,186.50,80.00,85.00
1468,02/02/2022,64.00,100.00,186.50,80.00,85.00
1467,01/02/2022,64.00,100.00,184.50,80.00,85.00
1465,31/01/2022,63.00,100.00,184.50,80.00,85.00
1464,28/01/2022,63.00,100.00,182.00,80.00,85.00
1463,27/01/2022,63.00,100.00,181.00,80.00,85.00
1462,26/01/2022,63.00,100.00,179.00,80.00,85.00
1461,25/01/2022,63.00,100.00,178.00,80.00,85.00
1460,24/01/2022,63.00,99.50,178.00,79.00,84.00
1459,21/01/2022,61.50,99.50,178.00,79.00,84.00
1458,20/01/2022,61.50,99.50,178.00,79.00,84.00
1457,19/01/2022,61.50,95.00,175.50,76.00,84.00
1456,18/01/2022,61.50,95.00,174.00,76.00,84.00
1455,17/01/2022,61.50,93.00,174.00,74.00,84.00
1454,14/01/2022,60.50,93.00,174.00,74.00,84.00
1453,13/01/2022,60.50,92.00,174.00,73.00,84.00
1452,12/01/2022,60.50,92.00,174.00,73.00,84.00
1451,11/01/2022,60.50,91.00,174.00,72.00,84.00
1450,10/01/2022,60.50,91.00,174.00,72.00,83.00
1449,07/01/2022,60.50,91.00,172.50,72.00,83.00
1448,06/01/2022,60.50,89.00,172.50,71.00,83.00
1447,05/01/2022,60.50,89.00,172.50,71.00,83.00
1446,04/01/2022,60.50,89.00,170.50,71.00,83.00
1445,03/01/2022,60.50,88.00,168.50,70.00,83.00
1444,30/12/2021,60.50,88.00,170.50,70.00,83.00
1443,29/12/2021,60.50,88.00,170.50,70.00,83.00
1442,28/12/2021,60.50,87.00,169.00,69.00,83.00
1441,27/12/2021,60.50,87.00,166.50,69.00,83.00
1440,24/12/2021,60.50,85.00,165.50,67.00,83.00
1439,23/12/2021,60.50,85.00,165.50,68.00,83.00
1438,22/12/2021,60.50,84.00,165.00,67.00,83.00
1437,21/12/2021,60.50,84.00,164.00,67.00,83.00
1436,20/12/2021,60.50,83.00,162.50,66.00,83.00
1435,17/12/2021,60.50,82.00,162.00,65.00,83.00
1434,16/12/2021,60.50,81.00,161.50,64.00,83.00
1433,15/12/2021,60.50,81.00,161.00,64.00,83.00
1432,14/12/2021,60.50,81.00,160.00,64.00,83.00
1431,13/12/2021,60.50,81.00,160.00,64.00,83.00
1430,10/12/2021,60.50,81.00,159.00,64.00,83.00
1429,09/12/2021,60.50,81.00,159.00,64.00,82.00
1428,08/12/2021,60.50,81.00,159.00,64.00,82.00
1427,07/12/2021,60.50,81.00,159.00,64.00,82.00
1426,06/12/2021,60.50,81.00,159.00,64.00,81.00
1425,03/12/2021,61.00,81.00,158.00,64.00,80.00
1424,02/12/2021,61.00,81.00,157.00,64.00,80.00
1423,01/12/2021,61.50,81.00,156.00,64.00,80.00
1422,30/11/2021,61.50,81.00,157.00,64.00,80.00
1421,29/11/2021,61.50,81.00,159.50,64.00,80.00
1420,26/11/2021,62.00,81.00,159.50,64.00,80.00
1419,25/11/2021,62.00,81.00,159.50,64.00,80.00
1418,24/11/2021,62.50,81.00,159.50,64.00,80.00
1417,23/11/2021,62.50,81.00,157.50,64.00,80.00
1416,22/11/2021,63.00,81.00,157.50,64.00,80.00
1415,19/11/2021,63.00,81.00,157.50,64.00,80.00
1414,18/11/2021,63.00,81.00,157.50,64.00,80.00
1413,17/11/2021,63.00,81.00,154.00,64.00,80.00
1412,16/11/2021,63.00,81.00,152.00,64.00,80.00
1411,12/11/2021,64.00,81.00,152.00,64.00,82.00
1410,11/11/2021,64.00,81.00,154.00,64.00,82.00
1409,10/11/2021,64.00,82.00,154.00,65.00,82.00
1408,09/11/2021,64.00,82.00,154.50,65.00,83.00
1407,08/11/2021,65.00,82.00,154.50,65.00,83.00
1406,05/11/2021,65.00,83.00,156.50,66.00,84.00
1405,04/11/2021,65.00,83.00,158.50,66.00,84.00
1404,03/11/2021,66.00,83.00,160.50,66.00,84.00
1403,01/11/2021,66.00,83.00,160.50,66.00,84.00
1402,29/10/2021,67.50,83.00,160.50,66.00,81.00
1401,28/10/2021,68.00,83.00,159.50,66.00,81.00
1400,27/10/2021,68.00,83.00,159.50,66.00,81.00
1398,25/10/2021,68.00,83.00,160.50,66.00,80.00
1397,22/10/2021,68.50,83.00,160.50,66.00,80.00
1396,21/10/2021,70.00,83.00,160.50,66.00,80.00
1395,20/10/2021,70.00,83.00,160.50,66.00,80.00
1394,19/10/2021,70.00,83.00,158.50,66.00,80.00
1381,18/10/2021,70.00,83.00,158.50,66.00,80.00
1393,15/10/2021,71.00,83.00,158.50,66.00,80.00
1392,14/10/2021,71.00,83.00,158.50,66.00,0.00
1391,13/10/2021,72.00,83.00,158.50,66.00,0.00
1390,11/10/2021,72.00,83.00,160.50,66.00,0.00
1389,08/10/2021,72.00,83.00,160.50,66.00,0.00
1388,07/10/2021,72.00,83.00,158.50,66.00,0.00
1387,06/10/2021,73.00,83.00,158.50,66.00,0.00
1386,05/10/2021,73.00,83.00,156.50,66.00,0.00
1385,04/10/2021,73.00,83.00,155.50,66.00,0.00
1384,01/10/2021,73.00,84.00,157.50,67.00,0.00
1383,30/09/2021,73.00,84.00,160.50,67.00,0.00
1382,29/09/2021,73.00,84.00,160.50,67.00,0.00
2,28/09/2021,73.00,84.00,160.50,67.00,0.00
3,27/09/2021,73.00,84.00,160.50,67.20,0.00
4,24/09/2021,73.00,85.00,159.50,68.00,0.00
5,23/09/2021,73.00,85.00,159.50,68.00,0.00
6,22/09/2021,73.00,85.00,158.50,68.00,0.00
7,21/09/2021,73.00,85.00,158.50,68.00,0.00
8,21/09/2021,73.00,85.00,159.50,68.00,0.00
9,17/09/2021,73.50,85.00,159.50,68.00,0.00
10,16/09/2021,73.50,85.00,159.50,68.00,0.00
11,15/09/2021,73.50,86.00,158.50,68.80,0.00
12,14/09/2021,73.50,86.00,157.50,68.80,0.00
13,13/09/2021,73.50,86.00,157.50,68.80,0.00
14,10/09/2021,74.00,86.00,155.50,68.80,0.00
15,09/09/2021,74.00,87.00,156.00,69.60,0.00
16,08/09/2021,74.00,87.00,154.50,69.60,0.00
17,06/09/2021,74.50,87.00,153.00,69.60,0.00
18,03/09/2021,74.50,88.00,153.00,70.40,0.00
19,02/09/2021,74.50,88.00,153.00,70.40,0.00
20,01/09/2021,74.50,88.00,154.00,70.40,0.00
21,31/08/2021,74.50,88.00,156.00,70.40,0.00
22,30/08/2021,74.50,88.00,157.00,70.40,0.00
23,27/08/2021,76.50,88.00,157.50,70.40,0.00
24,26/08/2021,76.50,88.00,157.50,70.40,0.00
25,25/08/2021,78.50,88.00,158.50,70.40,0.00
26,24/08/2021,78.50,88.00,158.50,70.40,0.00
27,23/08/2021,78.50,88.00,158.50,70.40,0.00
28,20/08/2021,78.50,88.00,160.50,70.40,0.00
29,19/08/2021,78.50,88.00,161.00,70.40,0.00
30,18/08/2021,78.50,88.00,160.50,70.40,0.00
31,17/08/2021,78.50,88.00,160.50,70.40,0.00
32,16/08/2021,78.50,88.00,158.50,70.40,0.00
33,13/08/2021,78.50,88.00,158.00,70.40,0.00
34,12/08/2021,78.50,88.00,156.50,70.40,0.00
35,11/08/2021,78.50,88.00,156.00,70.40,0.00
36,10/08/2021,78.50,88.00,155.50,70.40,0.00
37,09/08/2021,77.00,88.00,154.50,70.40,0.00
38,06/08/2021,77.00,88.00,152.50,70.40,0.00
39,05/08/2021,76.50,88.00,151.50,70.40,0.00
40,04/08/2021,76.50,88.00,151.50,70.40,0.00
41,03/08/2021,76.50,88.00,152.50,70.40,0.00
42,02/08/2021,75.00,88.00,152.50,70.40,0.00
43,30/07/2021,75.00,87.00,152.50,69.60,0.00
44,29/07/2021,75.00,87.00,153.50,69.60,0.00
45,28/07/2021,75.00,87.00,153.50,69.60,0.00
46,27/07/2021,75.00,87.00,153.50,69.60,0.00
47,26/07/2021,75.00,87.00,151.50,69.60,0.00
48,23/07/2021,73.50,87.00,154.50,69.60,0.00
49,22/07/2021,73.50,87.00,154.50,69.60,0.00
50,21/07/2021,73.50,87.00,157.50,69.60,0.00
51,20/07/2021,72.50,85.00,157.50,68.00,0.00
52,19/07/2021,72.50,85.00,154.50,68.00,0.00
53,16/07/2021,72.50,85.00,154.50,68.00,0.00
54,15/07/2021,71.50,85.00,153.50,68.00,0.00
55,14/07/2021,71.50,84.00,152.50,67.20,0.00
57,13/07/2021,71.00,84.00,151.50,67.20,0.00
56,13/07/2021,71.50,84.00,151.50,67.20,0.00
58,09/07/2021,71.00,80.00,150.50,64.00,0.00
59,08/07/2021,71.00,80.00,150.50,64.00,0.00
60,07/07/2021,71.00,78.00,147.50,62.40,0.00
61,06/07/2021,71.00,78.00,147.50,62.40,0.00
62,05/07/2021,71.00,75.00,149.50,60.00,0.00
63,02/07/2021,71.00,75.00,149.50,60.00,0.00
64,01/07/2021,71.00,75.00,147.50,60.00,0.00
65,30/06/2021,71.50,75.00,138.00,60.00,0.00
66,29/06/2021,71.50,75.00,138.00,60.00,0.00
67,28/06/2021,71.50,75.00,136.50,60.00,0.00
68,25/06/2021,71.50,75.00,137.50,60.00,0.00
69,24/06/2021,71.50,78.00,137.50,62.40,0.00
70,23/06/2021,72.50,80.00,139.50,64.00,0.00
71,22/06/2021,72.50,80.00,139.50,64.00,0.00
72,21/06/2021,72.50,80.00,139.50,64.00,0.00
73,18/06/2021,73.50,80.00,136.50,64.00,0.00
74,17/06/2021,75.00,84.00,141.50,67.20,0.00
75,16/06/2021,75.00,84.00,151.00,67.20,0.00
76,15/06/2021,76.00,84.00,153.00,67.20,0.00
77,14/06/2021,76.00,84.00,155.00,67.20,0.00
78,11/06/2021,77.00,84.00,157.00,67.20,0.00
79,10/06/2021,77.00,84.00,158.00,67.20,0.00
80,09/06/2021,77.00,84.00,158.00,67.20,0.00
81,08/06/2021,78.00,84.00,158.00,67.20,0.00
82,07/06/2021,78.00,84.00,159.00,67.20,0.00
83,04/06/2021,79.00,84.00,158.00,67.20,0.00
84,02/06/2021,79.50,84.00,159.00,67.20,0.00
85,01/06/2021,80.00,84.00,159.00,67.20,0.00
86,31/05/2021,80.00,84.00,159.00,67.20,0.00
87,28/05/2021,81.00,84.00,160.50,67.20,0.00
88,27/05/2021,81.00,84.00,160.50,67.20,0.00
89,26/05/2021,81.00,84.00,161.50,67.20,0.00
90,25/05/2021,81.50,88.00,161.00,70.40,0.00
91,24/05/2021,81.50,88.00,161.00,70.40,0.00
92,21/05/2021,82.00,88.00,163.00,70.40,0.00
93,21/05/2021,82.00,88.00,161.50,70.40,0.00
94,19/05/2021,82.00,88.00,163.00,70.40,0.00
95,19/05/2021,83.00,88.00,165.00,70.40,0.00
96,17/05/2021,83.00,88.00,165.00,70.40,0.00
97,14/05/2021,84.00,88.00,166.00,70.40,0.00
98,13/05/2021,84.00,88.00,166.50,70.40,0.00
99,12/05/2021,84.00,88.00,166.50,70.40,0.00
100,11/05/2021,84.50,88.00,165.00,70.40,0.00
101,10/05/2021,84.50,88.00,165.00,70.40,0.00
102,07/05/2021,85.00,87.00,165.00,69.60,0.00
103,06/05/2021,85.00,87.00,166.50,69.60,0.00
104,05/05/2021,85.00,87.00,167.00,69.60,0.00
106,04/05/2021,85.00,86.00,164.50,68.80,0.00
105,04/05/2021,85.00,86.00,165.00,68.80,0.00
108,30/04/2021,85.00,85.00,163.50,68.00,0.00
107,30/04/2021,85.00,84.00,166.50,67.20,0.00
109,28/04/2021,85.00,84.00,168.50,67.20,0.00
110,27/04/2021,85.00,84.00,170.50,67.20,0.00
111,26/04/2021,85.00,83.50,169.00,66.80,0.00
112,23/04/2021,85.00,83.00,169.00,66.40,0.00
113,22/04/2021,85.00,83.00,168.50,66.40,0.00
114,20/04/2021,85.00,83.00,167.00,66.40,0.00
115,19/04/2021,85.00,80.00,166.00,64.00,0.00
116,16/04/2021,85.00,80.00,166.00,64.00,0.00
117,15/04/2021,85.00,77.00,165.50,62.00,0.00
119,14/04/2021,85.00,77.00,164.50,62.00,0.00
118,14/04/2021,85.00,77.00,165.00,62.00,0.00
120,12/04/2021,85.00,77.00,164.50,62.00,0.00
121,09/04/2021,85.00,77.00,164.00,62.00,0.00
122,08/04/2021,85.00,77.00,164.00,62.00,0.00
123,07/04/2021,85.00,77.00,164.00,62.00,0.00
124,06/04/2021,85.00,77.00,164.00,62.00,0.00
125,05/04/2021,85.00,77.00,164.00,62.00,0.00
126,01/04/2021,85.00,77.00,163.50,62.00,0.00
127,31/03/2021,85.00,77.00,161.00,62.00,0.00
128,30/03/2021,84.00,77.00,159.50,62.00,0.00
129,30/03/2021,84.00,77.00,161.50,62.00,0.00
130,26/03/2021,84.00,77.00,161.50,62.00,0.00
131,25/03/2021,84.00,77.00,161.50,62.00,0.00
132,24/03/2021,83.60,77.00,160.00,62.00,0.00
133,23/03/2021,83.60,77.00,159.50,62.00,0.00
134,22/03/2021,83.00,77.00,159.50,62.00,0.00
135,19/03/2021,83.00,77.00,159.50,62.00,0.00
136,18/03/2021,83.00,77.00,161.00,62.00,0.00
137,17/03/2021,83.00,77.00,163.00,62.00,0.00
138,16/03/2021,83.00,77.00,163.00,62.00,0.00
139,16/03/2021,83.00,77.00,162.00,62.00,0.00
140,12/03/2021,83.00,77.00,162.00,62.00,0.00
141,11/03/2021,82.00,77.00,164.00,62.00,0.00
142,10/03/2021,82.00,77.00,167.00,62.00,0.00
143,09/03/2021,82.00,77.00,166.00,62.00,0.00
144,08/03/2021,82.00,77.00,164.00,62.00,0.00
145,05/03/2021,82.00,77.00,161.50,62.00,0.00
146,04/03/2021,82.00,77.00,161.50,62.00,0.00
147,03/03/2021,82.00,77.00,161.00,62.00,0.00
148,02/03/2021,82.00,77.00,158.00,62.00,0.00
149,01/03/2021,82.00,77.00,158.00,62.00,0.00
150,26/02/2021,82.00,77.00,157.00,62.00,0.00
151,25/02/2021,82.00,77.00,158.00,62.00,0.00
152,24/02/2021,82.00,77.00,157.00,62.00,0.00
153,23/02/2021,82.00,77.00,155.00,62.00,0.00
154,22/02/2021,82.00,77.00,154.00,62.00,0.00
155,19/02/2021,82.00,77.00,154.00,62.00,0.00
156,18/02/2021,82.00,77.00,154.00,62.00,0.00
157,17/02/2021,82.00,77.00,154.00,62.00,0.00
158,15/02/2021,82.00,77.00,154.00,62.00,0.00
159,12/02/2021,82.00,79.00,156.00,63.00,0.00
160,11/02/2021,82.00,79.00,155.00,63.00,0.00
161,10/02/2021,82.00,79.00,157.00,63.00,0.00
162,09/02/2021,82.00,79.00,158.00,63.00,0.00
163,08/02/2021,83.00,79.00,157.00,63.00,0.00
164,05/02/2021,83.00,79.00,157.00,63.00,0.00
165,04/02/2021,83.00,79.00,156.00,63.00,0.00
166,03/02/2021,83.00,79.00,156.00,63.00,0.00
167,03/02/2021,83.00,79.00,156.00,63.00,0.00
168,01/02/2021,83.00,79.00,156.00,63.00,0.00
169,29/01/2021,83.00,79.00,155.00,63.00,0.00
170,28/01/2021,83.00,79.00,154.00,63.00,0.00
171,28/01/2021,83.00,79.00,155.00,63.00,0.00
172,26/01/2021,83.00,79.00,154.00,63.00,0.00
173,26/01/2021,84.00,79.00,153.00,63.00,0.00
174,22/01/2021,84.00,77.00,154.00,62.00,0.00
175,21/01/2021,84.00,77.00,154.00,62.00,0.00
176,20/01/2021,84.00,77.00,156.00,62.00,0.00
177,19/01/2021,84.00,77.00,156.00,62.00,0.00
178,18/01/2021,84.00,77.00,156.00,62.00,0.00
179,15/01/2021,86.00,77.00,156.00,62.00,0.00
180,14/01/2021,86.00,77.00,155.00,62.00,0.00
181,13/01/2021,86.00,77.00,154.00,62.00,0.00
182,13/01/2021,86.00,77.00,152.00,62.00,0.00
183,11/01/2021,86.00,76.00,150.00,61.00,0.00
184,08/01/2021,87.00,75.00,147.00,60.00,0.00
185,07/01/2021,87.00,75.00,145.00,60.00,0.00
186,06/01/2021,89.00,75.00,143.00,60.00,0.00
187,05/01/2021,89.00,75.00,140.00,60.00,0.00
188,04/01/2021,89.00,75.00,138.00,60.00,0.00
189,30/12/2020,90.00,73.00,137.00,58.00,0.00
190,29/12/2020,90.00,73.00,136.00,58.00,0.00
191,28/12/2020,90.00,73.00,136.00,58.00,0.00
192,24/12/2020,90.00,73.00,136.00,58.00,0.00
193,23/12/2020,90.00,73.00,135.00,58.00,0.00
194,22/12/2020,91.00,73.00,134.00,58.00,0.00
195,21/12/2020,91.00,73.00,131.00,58.00,0.00
196,18/12/2020,93.00,73.00,130.50,58.00,0.00
197,17/12/2020,93.00,73.00,130.00,58.00,0.00
198,16/12/2020,93.00,73.00,130.00,58.00,0.00
199,15/12/2020,93.00,73.00,130.00,58.00,0.00
200,14/12/2020,95.00,75.00,131.00,60.00,0.00
201,11/12/2020,95.00,75.00,132.00,60.00,0.00
202,10/12/2020,95.00,75.00,134.00,60.00,0.00
203,09/12/2020,95.00,75.00,135.00,60.00,0.00
204,08/12/2020,97.00,75.00,136.00,60.00,0.00
205,07/12/2020,97.00,75.00,136.00,60.00,0.00
206,04/12/2020,97.00,75.00,138.00,60.00,0.00
207,03/12/2020,97.00,76.00,138.00,61.00,0.00
208,03/12/2020,97.00,76.00,139.00,61.00,0.00
209,01/12/2020,97.00,80.00,141.00,64.00,0.00
211,30/11/2020,101.00,82.00,142.00,65.50,0.00
210,30/11/2020,97.00,80.00,142.00,64.00,0.00
212,26/11/2020,101.00,82.00,142.50,65.50,0.00
213,25/11/2020,101.00,82.00,143.00,65.50,0.00
214,24/11/2020,101.00,82.00,145.00,65.50,0.00
215,23/11/2020,101.00,82.00,149.00,65.50,0.00
216,20/11/2020,101.00,82.00,153.00,65.50,0.00
217,19/11/2020,101.00,82.00,158.00,65.50,0.00
218,18/11/2020,101.00,82.00,160.00,65.50,0.00
219,18/11/2020,101.00,82.00,161.00,65.50,0.00
220,16/11/2020,101.00,82.00,162.50,65.50,0.00
221,13/11/2020,101.00,80.00,162.50,64.00,0.00
222,12/11/2020,101.00,80.00,162.50,64.00,0.00
223,11/11/2020,101.00,80.00,162.50,64.00,0.00
224,10/11/2020,101.00,80.00,161.50,64.00,0.00
225,10/11/2020,101.00,78.00,161.00,62.50,0.00
226,06/11/2020,101.00,78.00,161.00,62.50,0.00
227,05/11/2020,101.00,78.00,160.50,62.50,0.00
228,04/11/2020,101.00,76.00,159.50,61.00,0.00
229,03/11/2020,101.00,70.00,159.50,52.00,0.00
230,30/10/2020,101.00,70.00,158.50,52.00,0.00
231,29/10/2020,101.00,70.00,157.50,52.00,0.00
232,28/10/2020,101.00,70.00,157.50,52.00,0.00
233,27/10/2020,101.00,70.00,156.50,52.00,0.00
234,26/10/2020,101.00,70.00,156.50,52.00,0.00
235,23/10/2020,101.00,68.00,154.50,52.00,0.00
236,22/10/2020,101.00,68.00,153.50,52.00,75.00
237,21/10/2020,101.00,65.00,152.50,52.00,0.00
238,20/10/2020,101.00,65.00,151.50,52.00,0.00
239,19/10/2020,101.00,65.00,150.50,52.00,0.00
240,16/10/2020,101.00,65.00,150.50,52.00,0.00
241,16/10/2020,101.00,65.00,149.50,52.00,0.00
242,14/10/2020,101.00,65.00,148.50,52.00,0.00
243,13/10/2020,101.00,65.00,148.00,52.00,0.00
244,13/10/2020,101.00,65.00,148.00,52.00,0.00
245,08/10/2020,101.00,65.00,147.00,52.00,0.00
246,07/10/2020,101.00,65.00,145.50,52.00,0.00
247,06/10/2020,101.00,60.00,143.50,48.00,0.00
248,05/10/2020,101.00,60.00,143.50,48.00,0.00
249,02/10/2020,101.00,60.00,142.50,48.00,0.00
250,01/10/2020,100.60,60.00,142.50,48.00,0.00
251,30/09/2020,100.60,60.00,140.50,48.00,0.00
253,29/09/2020,100.60,60.00,138.50,48.00,0.00
252,29/09/2020,100.60,60.00,140.50,48.00,0.00
254,25/09/2020,100.60,55.00,137.50,44.00,0.00
255,24/09/2020,100.60,55.00,137.50,44.00,0.00
256,23/09/2020,100.60,55.00,135.50,44.00,0.00
257,22/09/2020,100.60,55.00,134.50,44.00,0.00
258,21/09/2020,100.60,55.00,134.50,44.00,0.00
259,18/09/2020,100.00,55.00,132.00,44.00,0.00
260,17/09/2020,100.00,55.00,131.00,44.00,0.00
261,16/09/2020,99.50,55.00,130.00,44.00,0.00
262,15/09/2020,99.50,55.00,130.00,44.00,0.00
263,14/09/2020,99.50,52.00,130.00,41.60,0.00
264,11/09/2020,99.00,52.00,129.50,41.60,0.00
265,11/09/2020,98.50,52.00,128.00,41.60,0.00
266,09/09/2020,98.50,52.00,128.00,41.60,0.00
267,09/09/2020,98.50,52.00,127.50,41.60,0.00
268,04/09/2020,97.50,52.00,127.50,41.60,0.00
269,03/09/2020,96.00,52.00,127.50,41.60,0.00
270,02/09/2020,96.00,52.00,127.50,41.60,0.00
271,01/09/2020,93.00,52.00,127.50,41.60,0.00
272,31/08/2020,93.00,48.00,126.50,38.50,0.00
273,28/08/2020,89.00,48.00,125.00,38.50,0.00
274,27/08/2020,84.50,48.00,123.00,38.50,0.00
275,26/08/2020,84.50,48.00,122.00,38.50,0.00
276,25/08/2020,81.00,48.00,121.00,38.50,0.00
277,24/08/2020,81.00,48.00,120.50,38.50,0.00
278,21/08/2020,79.00,45.00,119.50,36.00,0.00
279,20/08/2020,79.00,45.00,118.50,36.00,0.00
280,19/08/2020,77.00,45.00,118.00,36.00,0.00
281,18/08/2020,74.50,45.00,118.00,36.00,0.00
282,17/08/2020,74.50,45.00,116.00,36.00,0.00
283,14/08/2020,72.00,45.00,116.00,36.00,0.00
284,13/08/2020,72.00,45.00,115.00,36.00,0.00
285,12/08/2020,70.50,45.00,113.00,36.00,0.00
286,12/08/2020,70.50,45.00,114.00,36.00,0.00
287,10/08/2020,70.50,45.00,112.00,36.00,0.00
288,07/08/2020,69.00,45.00,111.00,36.00,0.00
289,06/08/2020,69.00,45.00,110.00,36.00,0.00
290,05/08/2020,67.60,45.00,109.00,36.00,0.00
291,04/08/2020,67.60,45.00,109.00,36.00,0.00
292,03/08/2020,67.60,45.00,108.00,36.00,0.00
293,31/07/2020,66.40,45.00,107.00,36.00,0.00
294,30/07/2020,66.40,45.00,106.50,36.00,0.00
295,29/07/2020,65.00,45.00,106.00,36.00,0.00
296,28/07/2020,65.00,45.00,106.00,36.00,0.00
297,27/07/2020,65.00,45.00,106.00,36.00,0.00
298,24/07/2020,64.10,45.00,106.00,36.00,0.00
299,23/07/2020,62.95,45.00,105.00,36.00,0.00
300,22/07/2020,62.95,45.00,105.00,36.00,0.00
301,21/07/2020,62.95,45.00,106.50,36.00,0.00
302,20/07/2020,62.95,45.00,106.50,36.00,0.00
303,17/07/2020,62.40,45.00,105.50,36.00,0.00
304,17/07/2020,62.40,45.00,105.00,36.00,0.00
305,15/07/2020,62.40,45.00,104.50,36.00,0.00
306,15/07/2020,61.20,45.00,104.50,36.00,0.00
307,13/07/2020,61.20,45.00,104.50,36.00,0.00
308,10/07/2020,61.20,45.00,104.50,36.00,0.00
309,09/07/2020,61.20,45.00,104.00,36.00,0.00
310,08/07/2020,61.20,45.00,103.50,36.00,0.00
311,07/07/2020,61.20,45.00,103.50,36.00,0.00
312,07/07/2020,61.20,45.00,103.00,36.00,0.00
313,03/07/2020,61.20,45.00,103.00,36.00,0.00
314,02/07/2020,61.20,45.00,103.00,36.00,0.00
315,01/07/2020,61.20,45.00,103.00,36.00,0.00
316,30/06/2020,61.20,45.00,102.00,36.00,0.00
317,29/06/2020,61.20,45.00,101.50,36.00,0.00
318,26/06/2020,61.20,45.00,100.50,36.00,0.00
319,25/06/2020,61.20,45.00,100.50,36.00,0.00
320,24/06/2020,61.20,45.00,99.00,36.00,0.00
321,23/06/2020,61.20,45.00,100.50,36.00,0.00
322,22/06/2020,61.20,45.00,101.50,36.00,0.00
324,19/06/2020,61.20,45.00,99.50,36.00,0.00
323,19/06/2020,61.20,45.00,101.50,36.00,0.00
325,17/06/2020,61.20,45.00,98.50,36.00,0.00
326,16/06/2020,61.20,45.00,97.00,36.00,0.00
327,16/06/2020,61.20,45.00,95.50,36.00,0.00
328,12/06/2020,61.20,45.00,94.00,36.00,0.00
329,10/06/2020,61.20,45.00,94.00,36.00,0.00
330,09/06/2020,61.20,45.00,94.00,36.00,0.00
331,08/06/2020,63.50,45.00,95.00,36.00,0.00
332,08/06/2020,63.50,47.00,95.00,38.00,0.00
333,04/06/2020,63.50,47.00,95.00,38.00,0.00
334,03/06/2020,63.50,47.00,95.50,38.00,0.00
335,02/06/2020,63.50,47.00,97.00,38.00,0.00
336,01/06/2020,63.50,47.00,96.00,38.00,0.00
337,29/05/2020,63.50,47.00,96.00,38.00,0.00
338,28/05/2020,63.50,47.00,96.00,38.00,0.00
339,27/05/2020,63.50,47.00,96.50,38.00,0.00
340,26/05/2020,63.50,47.00,96.50,38.00,0.00
341,25/05/2020,63.50,47.00,97.50,38.00,0.00
344,22/05/2020,63.50,47.00,100.00,38.00,0.00
342,22/05/2020,63.50,47.00,99.00,38.00,0.00
343,22/05/2020,63.50,47.00,97.50,38.00,0.00
345,19/05/2020,62.00,47.00,100.00,38.00,0.00
346,18/05/2020,62.00,47.00,101.00,38.00,0.00
347,15/05/2020,59.50,47.00,101.00,38.00,0.00
348,14/05/2020,58.30,47.00,101.00,38.00,0.00
349,13/05/2020,58.30,47.00,100.00,38.00,0.00
350,12/05/2020,58.30,47.00,100.00,38.00,0.00
351,11/05/2020,57.60,47.00,98.00,38.00,0.00
352,08/05/2020,57.00,47.00,97.00,38.00,0.00
353,07/05/2020,57.00,47.00,95.00,38.00,0.00
354,06/05/2020,56.30,47.00,94.00,38.00,0.00
355,05/05/2020,56.30,47.00,93.50,38.00,0.00
356,04/05/2020,55.70,47.00,93.50,38.00,0.00
357,30/04/2020,55.70,47.00,93.50,38.00,0.00
358,29/04/2020,55.70,47.00,93.00,38.00,0.00
359,28/04/2020,55.70,47.00,93.50,38.00,0.00
360,27/04/2020,55.70,47.00,93.50,38.00,0.00
361,24/04/2020,55.30,47.00,91.50,38.00,0.00
362,23/04/2020,55.30,47.00,91.00,38.00,0.00
363,22/04/2020,55.30,47.00,90.50,38.00,0.00
364,20/04/2020,54.50,47.00,90.00,38.00,0.00
365,17/04/2020,54.50,45.00,90.00,36.00,0.00
366,16/04/2020,54.50,45.00,90.00,36.00,0.00
367,15/04/2020,53.60,45.00,89.50,36.00,0.00
368,14/04/2020,53.60,45.00,89.50,36.00,0.00
369,13/04/2020,53.60,45.00,89.50,36.00,0.00
370,09/04/2020,53.60,45.00,89.00,36.00,0.00
371,08/04/2020,53.60,45.00,90.00,36.00,0.00
372,07/04/2020,53.60,45.00,90.00,36.00,0.00
373,06/04/2020,53.60,45.00,89.50,36.00,0.00
375,03/04/2020,52.70,45.00,89.50,36.00,0.00
374,03/04/2020,53.10,45.00,89.50,36.00,0.00
376,01/04/2020,52.70,45.00,89.50,36.00,0.00
377,31/03/2020,51.60,45.00,89.50,36.00,0.00
378,30/03/2020,51.60,45.00,89.50,36.00,0.00
379,27/03/2020,51.60,45.00,89.00,36.00,0.00
380,26/03/2020,51.60,45.00,89.00,36.00,0.00
381,25/03/2020,50.80,45.00,89.00,36.00,0.00
382,24/03/2020,50.80,45.00,88.50,36.00,0.00
383,23/03/2020,50.80,45.00,88.00,36.00,0.00
384,20/03/2020,50.80,45.00,86.50,36.00,0.00
385,19/03/2020,50.80,45.00,86.00,36.00,0.00
386,18/03/2020,50.80,45.00,85.00,36.00,0.00
387,17/03/2020,50.80,45.00,84.00,36.00,0.00
388,16/03/2020,50.80,45.00,84.00,36.00,0.00
389,13/03/2020,50.80,45.00,84.00,36.00,0.00
390,12/03/2020,50.80,45.00,83.00,36.00,0.00
391,11/03/2020,50.80,45.00,83.00,36.00,0.00
392,11/03/2020,50.80,45.00,83.00,36.00,0.00
393,10/03/2020,50.80,45.00,83.00,36.00,0.00
394,06/03/2020,50.80,45.00,83.00,36.00,0.00
395,05/03/2020,50.80,45.00,82.00,36.00,0.00
396,04/03/2020,50.80,45.00,80.50,36.00,0.00
397,03/03/2020,50.80,45.00,80.00,36.00,0.00
398,02/03/2020,50.80,45.00,80.00,36.00,0.00
399,28/02/2020,50.80,45.00,80.00,36.00,0.00
400,27/02/2020,50.80,45.00,79.00,36.00,0.00
401,26/02/2020,50.80,45.00,79.00,36.00,0.00
402,21/02/2020,50.80,45.00,78.50,36.00,0.00
403,20/02/2020,50.80,45.00,78.50,36.00,0.00
404,19/02/2020,50.80,45.00,78.50,36.00,0.00
405,18/02/2020,50.80,45.00,78.00,36.00,0.00
406,17/02/2020,50.80,45.00,78.00,36.00,0.00
407,14/02/2020,50.80,45.00,78.00,36.00,0.00
408,13/02/2020,50.80,45.00,77.50,36.00,0.00
409,12/02/2020,50.10,45.00,76.50,36.00,0.00
410,11/02/2020,50.10,45.00,76.50,36.00,0.00
411,10/02/2020,49.50,45.00,76.50,36.00,0.00
412,07/02/2020,49.50,45.00,75.50,36.00,0.00
413,06/02/2020,49.50,45.00,75.50,36.00,0.00
415,05/02/2020,49.50,45.00,75.50,36.00,0.00
414,05/02/2020,49.50,45.00,75.50,36.00,0.00
416,03/02/2020,49.50,42.00,75.50,33.60,0.00
417,31/01/2020,49.50,42.00,76.00,33.60,0.00
418,30/01/2020,49.50,42.00,76.00,33.60,0.00
419,29/01/2020,48.50,42.00,76.00,33.60,0.00
420,28/01/2020,48.50,42.00,76.00,33.60,0.00
421,28/01/2020,48.50,42.00,76.00,33.60,0.00
422,24/01/2020,48.50,41.00,77.00,32.80,0.00
423,23/01/2020,48.50,41.00,77.00,32.80,0.00
424,22/01/2020,48.50,41.00,77.00,32.80,0.00
425,21/01/2020,48.00,41.00,77.00,32.80,0.00
426,20/01/2020,48.00,40.00,77.00,32.00,0.00
427,17/01/2020,47.50,40.00,77.00,32.00,0.00
428,16/01/2020,47.50,40.00,77.00,32.00,0.00
429,15/01/2020,47.00,40.00,77.00,32.00,0.00
430,14/01/2020,47.00,40.00,77.00,32.00,0.00
431,13/01/2020,47.00,40.00,77.00,32.00,0.00
432,13/01/2020,47.00,40.00,77.00,32.00,0.00
433,13/01/2020,47.00,40.00,78.00,32.00,0.00
434,08/01/2020,47.00,40.00,78.00,32.00,0.00
435,07/01/2020,47.00,40.00,78.00,32.00,0.00
436,06/01/2020,47.00,40.00,78.00,32.00,0.00
437,03/01/2020,47.00,37.00,78.00,30.00,0.00
438,02/01/2020,47.00,37.00,78.00,30.00,0.00
439,30/12/2019,47.00,36.00,78.00,29.00,0.00
440,27/12/2019,47.00,36.00,78.00,29.00,0.00
441,26/12/2019,47.00,36.00,78.00,29.00,0.00
442,26/12/2019,47.00,36.00,78.00,29.00,0.00
443,23/12/2019,47.00,36.00,78.00,29.00,0.00
444,20/12/2019,47.00,36.00,78.00,29.00,0.00
445,19/12/2019,47.00,36.00,78.00,29.00,0.00
446,18/12/2019,47.00,35.00,78.00,28.00,0.00
447,17/12/2019,47.00,35.00,78.00,28.00,0.00
448,17/12/2019,47.00,35.00,78.00,28.00,0.00
449,13/12/2019,46.60,35.00,78.00,28.00,0.00
450,12/12/2019,46.60,35.00,78.00,28.00,0.00
451,11/12/2019,45.80,35.00,78.00,28.00,0.00
452,10/12/2019,45.80,35.00,78.50,28.00,0.00
453,09/12/2019,45.80,35.00,78.50,28.00,0.00
454,06/12/2019,45.80,35.00,79.00,28.00,0.00
455,05/12/2019,45.80,35.00,79.00,28.00,0.00
456,05/12/2019,45.80,35.00,79.00,28.00,0.00
457,03/12/2019,45.80,35.00,78.50,28.00,0.00
458,02/12/2019,45.80,35.00,79.50,28.00,0.00
459,29/11/2019,45.80,35.00,79.50,28.00,0.00
460,28/11/2019,45.80,35.00,79.50,28.00,0.00
461,27/11/2019,45.80,35.00,79.50,28.00,0.00
462,26/11/2019,45.80,35.00,79.50,28.00,0.00
463,25/11/2019,45.80,35.00,79.50,28.00,0.00
464,22/11/2019,45.80,35.00,79.50,28.00,0.00
465,21/11/2019,45.80,35.00,79.50,28.00,0.00
466,20/11/2019,45.80,35.00,79.50,28.00,0.00
467,19/11/2019,44.75,35.00,78.50,28.00,0.00
468,19/11/2019,44.75,35.00,79.50,28.00,0.00
469,14/11/2019,44.75,35.00,78.50,28.00,0.00
470,14/11/2019,44.75,35.00,78.00,28.00,0.00
471,14/11/2019,44.75,35.00,78.00,28.00,0.00
472,11/11/2019,44.75,35.00,78.00,28.00,0.00
473,08/11/2019,0.00,35.00,77.50,28.00,0.00
474,07/11/2019,0.00,35.00,77.50,28.00,0.00
475,06/11/2019,0.00,35.00,76.50,28.00,0.00
476,05/11/2019,0.00,35.00,76.50,28.00,0.00
477,04/11/2019,0.00,35.00,76.50,28.00,0.00
478,01/11/2019,0.00,35.00,76.50,28.00,0.00
479,31/10/2019,0.00,35.00,76.50,28.00,0.00
480,30/10/2019,0.00,35.00,76.50,28.00,0.00
481,30/10/2019,0.00,35.00,76.00,28.00,0.00
482,28/10/2019,0.00,35.00,77.00,28.00,0.00
483,25/10/2019,0.00,35.00,77.50,28.00,0.00
484,24/10/2019,0.00,35.00,77.50,28.00,0.00
485,23/10/2019,0.00,35.00,78.00,28.00,0.00
486,22/10/2019,0.00,35.00,79.00,28.00,0.00
487,21/10/2019,0.00,35.00,79.00,28.00,0.00
488,18/10/2019,0.00,35.00,78.50,28.00,0.00
489,17/10/2019,0.00,35.00,78.50,28.00,0.00
490,16/10/2019,0.00,35.00,78.50,28.00,0.00
491,15/10/2019,0.00,35.00,78.50,28.00,0.00
492,14/10/2019,0.00,35.00,78.00,28.00,0.00
493,11/10/2019,0.00,35.00,78.00,28.00,0.00
494,10/10/2019,0.00,35.00,77.00,28.00,0.00
495,09/10/2019,0.00,35.00,77.00,28.00,0.00
496,08/10/2019,0.00,35.00,76.00,28.00,0.00
497,07/10/2019,45.90,35.00,76.00,28.00,0.00
498,04/10/2019,45.90,35.00,76.00,28.00,0.00
499,03/10/2019,45.90,35.00,77.00,28.00,0.00
500,02/10/2019,45.90,35.00,77.00,28.00,0.00
501,01/10/2019,45.90,35.00,77.00,28.00,0.00
502,30/09/2019,45.90,35.00,76.50,28.00,0.00
503,27/09/2019,45.90,35.00,76.00,28.00,0.00
504,26/09/2019,45.90,35.00,76.00,28.00,0.00
505,25/09/2019,45.90,35.00,76.00,28.00,0.00
506,24/09/2019,45.90,35.00,76.00,28.00,0.00
507,23/09/2019,45.90,35.00,75.50,28.00,0.00
508,19/09/2019,45.90,35.00,74.50,28.00,0.00
509,18/09/2019,45.90,35.00,74.50,28.00,0.00
510,17/09/2019,45.90,35.00,74.50,28.00,0.00
511,16/09/2019,45.90,35.00,75.50,28.00,0.00
512,13/09/2019,45.90,35.00,75.50,28.00,0.00
513,12/09/2019,45.40,35.00,75.50,28.00,0.00
514,11/09/2019,45.40,35.00,75.50,28.00,0.00
515,10/09/2019,45.40,35.00,75.00,28.00,0.00
516,09/09/2019,45.40,35.00,74.50,28.00,0.00
517,06/09/2019,45.40,35.00,75.00,28.00,0.00
518,05/09/2019,45.40,35.00,76.00,28.00,0.00
519,04/09/2019,45.40,35.00,77.50,28.00,0.00
520,03/09/2019,45.40,35.00,77.50,28.00,0.00
521,02/09/2019,44.90,35.00,77.50,28.00,0.00
522,30/08/2019,44.90,35.00,77.50,28.00,0.00
523,29/08/2019,44.90,35.00,77.00,28.00,0.00
524,28/08/2019,44.30,35.00,77.00,28.00,0.00
525,27/08/2019,44.30,35.00,76.00,28.00,0.00
526,26/08/2019,44.30,35.00,76.00,28.00,0.00
527,23/08/2019,43.70,34.00,75.00,27.20,0.00
528,22/08/2019,43.70,34.00,75.00,27.20,0.00
529,21/08/2019,43.70,34.00,74.00,27.20,0.00
530,20/08/2019,43.70,34.00,74.00,27.20,0.00
531,19/08/2019,43.70,34.00,73.50,27.20,0.00
532,16/08/2019,43.70,34.00,73.50,27.20,0.00
533,15/08/2019,43.70,34.00,73.50,27.20,0.00
534,14/08/2019,43.70,34.00,73.00,27.20,0.00
535,13/08/2019,43.70,34.00,73.00,27.20,0.00
536,12/08/2019,43.70,34.00,72.50,27.20,0.00
537,09/08/2019,43.70,34.00,72.00,27.20,0.00
538,08/08/2019,43.70,34.00,71.50,27.20,0.00
539,07/08/2019,43.70,34.00,71.50,27.20,0.00
540,06/08/2019,43.70,34.00,70.50,27.20,0.00
541,05/08/2019,43.70,34.00,69.50,27.20,0.00
542,02/08/2019,43.70,34.00,68.50,27.20,0.00
543,01/08/2019,43.70,33.00,67.50,26.40,0.00
544,31/07/2019,43.70,33.00,68.50,26.40,0.00
545,30/07/2019,43.70,33.00,68.50,26.40,0.00
546,29/07/2019,43.70,33.00,68.50,26.40,0.00
547,26/07/2019,43.70,33.00,68.50,26.40,0.00
548,25/07/2019,43.70,33.00,68.50,26.40,0.00
549,24/07/2019,43.70,33.00,68.50,26.40,0.00
550,23/07/2019,43.70,33.00,69.00,26.40,0.00
551,23/07/2019,43.70,33.00,68.50,26.40,0.00
552,23/07/2019,43.70,33.00,69.00,26.40,0.00
553,23/07/2019,43.70,33.00,69.00,26.40,0.00
554,18/07/2019,43.70,33.00,68.00,26.40,0.00
555,17/07/2019,43.70,33.00,69.00,26.40,0.00
556,16/07/2019,43.70,33.00,69.00,26.40,0.00
558,12/07/2019,43.70,33.00,70.00,26.40,0.00
557,12/07/2019,43.70,33.00,70.00,26.40,0.00
559,10/07/2019,43.70,33.00,69.50,26.40,0.00
560,09/07/2019,43.70,33.00,69.50,26.40,0.00
561,08/07/2019,44.20,33.00,70.00,26.40,0.00
562,05/07/2019,44.20,33.00,70.50,26.40,0.00
563,04/07/2019,44.20,33.00,71.00,26.40,0.00
564,03/07/2019,44.20,33.00,71.00,26.40,0.00
565,02/07/2019,44.20,33.00,71.00,26.40,0.00
566,01/07/2019,44.20,33.00,71.50,26.40,0.00
567,28/06/2019,44.20,33.00,72.50,26.40,0.00
568,27/06/2019,44.20,33.00,72.50,26.40,0.00
569,26/06/2019,44.20,33.00,72.50,26.40,0.00
570,25/06/2019,44.20,33.00,72.00,26.40,0.00
571,24/06/2019,44.20,33.00,72.00,26.40,0.00
572,21/06/2019,44.60,33.00,72.50,26.40,0.00
573,19/06/2019,44.60,33.00,73.50,26.40,0.00
574,18/06/2019,44.60,33.00,73.50,26.40,0.00
575,18/06/2019,44.60,33.00,73.50,26.40,0.00
576,14/06/2019,44.60,33.00,72.50,26.40,0.00
577,13/06/2019,44.60,33.00,72.00,26.40,0.00
578,12/06/2019,45.80,33.00,71.00,26.40,0.00
579,12/06/2019,45.80,33.00,71.50,26.40,0.00
580,10/06/2019,45.80,33.00,71.50,26.40,0.00
581,07/06/2019,45.80,31.00,71.50,25.00,0.00
582,06/06/2019,45.80,31.00,72.00,25.00,0.00
583,06/06/2019,45.80,31.00,72.00,25.00,0.00
584,04/06/2019,45.80,31.00,72.00,25.00,0.00
585,04/06/2019,45.80,31.00,72.00,25.00,0.00
586,31/05/2019,45.80,31.00,73.00,25.00,0.00
587,31/05/2019,45.80,31.00,73.00,25.00,0.00
588,29/05/2019,45.80,31.00,73.00,25.00,0.00
589,28/05/2019,45.80,31.00,71.50,25.00,0.00
590,27/05/2019,45.80,31.00,70.00,25.00,0.00
591,24/05/2019,45.80,31.00,70.00,25.00,0.00
592,23/05/2019,45.80,31.00,70.00,25.00,0.00
593,22/05/2019,45.80,31.00,70.00,25.00,0.00
594,21/05/2019,45.80,31.00,70.00,25.00,0.00
595,20/05/2019,45.80,31.00,69.00,25.00,0.00
596,17/05/2019,44.90,31.00,68.50,25.00,0.00
597,16/05/2019,44.90,31.00,67.50,25.00,0.00
598,15/05/2019,44.40,31.00,66.50,25.00,0.00
599,15/05/2019,44.40,31.00,65.50,25.00,0.00
600,13/05/2019,44.40,31.00,64.00,25.00,0.00
601,10/05/2019,44.40,31.00,64.00,25.00,0.00
602,09/05/2019,44.40,31.00,64.00,25.00,0.00
603,09/05/2019,44.40,31.00,63.50,25.00,0.00
604,07/05/2019,44.40,31.00,63.50,25.00,0.00
605,06/05/2019,44.40,31.00,63.50,25.00,0.00
606,03/05/2019,44.40,31.00,64.50,25.00,0.00
607,02/05/2019,44.40,31.00,64.50,25.00,0.00
608,30/04/2019,44.40,31.00,65.50,25.00,0.00
609,30/04/2019,44.40,31.00,65.50,25.00,0.00
610,26/04/2019,44.40,31.00,66.50,25.00,0.00
611,25/04/2019,43.80,31.00,66.50,25.00,0.00
612,24/04/2019,43.80,31.00,66.50,25.00,0.00
613,23/04/2019,43.40,31.00,67.00,25.00,0.00
614,22/04/2019,43.40,31.00,67.50,25.00,0.00
615,18/04/2019,43.40,31.00,67.00,25.00,0.00
616,17/04/2019,43.40,31.00,67.00,25.00,0.00
617,16/04/2019,42.80,31.00,67.50,25.00,0.00
618,15/04/2019,42.80,31.00,67.50,25.00,0.00
619,12/04/2019,41.00,31.00,67.50,25.00,0.00
620,11/04/2019,41.00,31.00,67.50,25.00,0.00
621,10/04/2019,40.50,31.00,68.50,25.00,0.00
622,09/04/2019,40.50,31.00,68.50,25.00,0.00
623,08/04/2019,40.50,31.00,69.00,25.00,0.00
624,05/04/2019,40.00,31.00,69.50,25.00,0.00
625,04/04/2019,40.00,31.00,69.50,25.00,0.00
626,03/04/2019,40.00,31.00,69.50,25.00,0.00
627,02/04/2019,39.50,31.00,70.00,25.00,0.00
628,01/04/2019,39.50,31.00,70.50,25.00,0.00
629,29/03/2019,39.00,31.00,70.50,25.00,0.00
630,28/03/2019,39.00,31.00,70.50,25.00,0.00
631,27/03/2019,39.00,31.00,70.50,25.00,0.00
632,26/03/2019,38.50,31.00,71.00,25.00,0.00
633,25/03/2019,38.50,31.00,71.00,25.00,0.00
634,22/03/2019,38.50,31.00,70.50,25.00,0.00
635,21/03/2019,38.50,31.00,70.00,25.00,0.00
636,20/03/2019,38.50,31.00,70.00,25.00,0.00
637,19/03/2019,38.50,31.00,71.00,25.00,0.00
638,18/03/2019,38.50,31.00,71.00,25.00,0.00
639,15/03/2019,38.50,31.00,71.00,25.00,0.00
640,14/03/2019,38.50,31.00,70.00,25.00,0.00
641,14/03/2019,38.50,31.00,70.00,25.00,0.00
642,12/03/2019,38.50,31.00,70.00,25.00,0.00
643,11/03/2019,38.50,31.00,70.00,25.00,0.00
644,08/03/2019,38.50,31.00,70.00,25.00,0.00
645,07/03/2019,38.50,31.00,70.00,25.00,0.00
646,06/03/2019,38.50,31.00,70.00,25.00,0.00
647,01/03/2019,38.50,31.00,69.00,25.00,0.00
648,28/02/2019,38.50,31.00,69.00,25.00,0.00
649,27/02/2019,38.50,31.00,69.00,25.00,0.00
650,26/02/2019,38.50,31.00,69.00,25.00,0.00
651,25/02/2019,38.50,31.00,69.00,25.00,0.00
652,22/02/2019,38.50,31.00,69.00,25.00,0.00
653,21/02/2019,38.50,31.00,68.00,25.00,0.00
654,20/02/2019,38.50,32.00,67.00,25.60,0.00
655,19/02/2019,38.50,31.00,67.00,25.00,0.00
656,18/02/2019,38.50,31.00,67.00,25.00,0.00
657,15/02/2019,38.50,31.00,67.00,25.00,0.00
658,15/02/2019,38.50,31.00,67.00,25.00,0.00
659,13/02/2019,39.00,31.00,67.00,25.00,0.00
660,12/02/2019,39.00,31.00,67.00,25.00,0.00
661,12/02/2019,39.00,31.00,67.00,25.00,0.00
662,08/02/2019,39.00,31.00,67.00,25.00,0.00
663,07/02/2019,39.00,31.00,67.00,25.00,0.00
664,07/02/2019,39.00,31.00,67.00,25.00,0.00
665,06/02/2019,39.00,31.00,67.00,25.00,0.00
666,04/02/2019,39.00,31.00,67.00,25.00,0.00
667,01/02/2019,39.00,32.00,67.00,25.60,0.00
668,31/01/2019,39.00,32.00,67.00,25.60,0.00
669,30/01/2019,39.00,32.00,68.50,25.60,0.00
670,29/01/2019,39.00,32.00,68.50,25.60,0.00
671,28/01/2019,39.00,32.00,68.50,25.60,0.00
672,25/01/2019,38.50,32.00,68.00,25.60,0.00
673,24/01/2019,38.50,32.00,68.00,25.60,0.00
674,24/01/2019,38.50,32.00,68.00,25.60,0.00
675,22/01/2019,38.50,32.00,68.00,25.60,0.00
676,21/01/2019,38.50,32.00,68.00,25.60,0.00
677,18/01/2019,38.00,32.00,68.00,25.60,0.00
678,17/01/2019,38.00,32.00,68.00,25.60,0.00
679,16/01/2019,38.00,32.00,68.00,25.60,0.00
680,15/01/2019,38.00,32.00,68.00,25.60,0.00
681,14/01/2019,38.00,32.00,69.00,25.60,0.00
682,11/01/2019,38.00,32.00,69.00,25.60,0.00
683,10/01/2019,38.00,32.00,70.50,25.60,0.00
684,09/01/2019,38.00,32.00,70.50,25.60,0.00
685,08/01/2019,38.00,33.00,70.50,26.40,0.00
686,07/01/2019,38.00,33.00,71.00,26.40,0.00
687,04/01/2019,38.00,33.00,71.00,26.40,0.00
688,03/01/2019,38.00,35.00,71.00,28.00,0.00
689,02/01/2019,38.00,35.00,71.00,28.00,0.00
690,28/12/2018,38.00,35.00,72.00,28.00,0.00
691,27/12/2018,38.00,35.00,72.00,28.00,0.00
692,26/12/2018,38.00,35.00,72.00,28.00,0.00
693,24/12/2018,38.00,35.00,72.00,28.00,0.00
694,21/12/2018,38.00,35.00,72.00,28.00,0.00
695,20/12/2018,38.00,35.00,72.00,28.00,0.00
696,19/12/2018,38.00,35.00,72.00,28.00,0.00
697,18/12/2018,38.00,35.00,72.00,28.00,0.00
698,17/12/2018,38.00,35.00,72.00,28.00,0.00
699,14/12/2018,38.00,35.00,72.00,28.00,0.00
700,13/12/2018,38.00,35.00,72.00,28.00,0.00
701,12/12/2018,38.00,35.00,72.00,28.00,0.00
702,11/12/2018,38.00,35.00,72.00,28.00,0.00
703,10/12/2018,38.00,35.00,72.00,28.00,0.00
704,07/12/2018,38.00,35.00,72.00,28.00,0.00
705,06/12/2018,38.00,35.00,72.00,28.00,0.00
706,05/12/2018,38.00,35.00,72.00,28.00,0.00
707,04/12/2018,38.55,35.00,72.00,28.00,0.00
708,03/12/2018,38.55,35.00,73.00,28.00,0.00
709,30/11/2018,38.55,35.00,73.00,28.00,0.00
710,29/11/2018,38.55,35.00,73.00,28.00,0.00
711,28/11/2018,38.55,35.00,73.00,28.00,0.00
712,27/11/2018,38.55,35.00,73.00,28.00,0.00
713,26/11/2018,38.55,35.00,73.00,28.00,0.00
714,23/11/2018,38.55,35.00,73.00,28.00,0.00
715,23/11/2018,38.55,35.00,73.00,28.00,0.00
716,21/11/2018,38.55,35.00,73.00,28.00,0.00
717,21/11/2018,38.55,35.00,73.00,28.00,0.00
718,19/11/2018,38.55,35.00,74.00,28.00,0.00
719,16/11/2018,39.00,35.00,75.00,28.00,0.00
720,16/11/2018,39.00,35.00,74.00,28.00,0.00
721,13/11/2018,39.00,35.00,75.00,28.00,0.00
723,12/11/2018,40.00,35.00,76.00,28.00,0.00
722,12/11/2018,39.00,35.00,75.00,28.00,0.00
724,08/11/2018,40.00,35.00,76.00,28.00,0.00
725,07/11/2018,40.00,35.00,76.00,28.00,0.00
726,07/11/2018,40.00,35.00,76.00,28.00,0.00
727,05/11/2018,40.00,38.00,76.00,30.00,0.00
728,01/11/2018,40.00,38.00,76.00,30.00,0.00
729,31/10/2018,40.00,38.00,76.00,30.00,0.00
730,31/10/2018,40.00,38.00,76.00,30.00,0.00
731,31/10/2018,40.00,38.00,76.00,30.00,0.00
732,31/10/2018,40.00,38.00,77.50,30.00,0.00
733,31/10/2018,40.00,38.00,77.50,30.00,0.00
734,31/10/2018,40.00,38.00,77.50,30.00,0.00
735,31/10/2018,41.00,38.00,77.50,30.00,0.00
736,31/10/2018,41.00,38.00,78.00,30.00,0.00
737,31/10/2018,41.00,38.00,78.00,30.00,0.00
738,18/10/2018,42.50,38.00,77.50,30.00,0.00
739,17/10/2018,42.50,38.00,79.00,30.00,0.00
740,16/10/2018,42.50,38.00,79.00,30.00,0.00
741,15/10/2018,42.50,38.00,78.00,30.00,0.00
742,11/10/2018,42.50,38.00,77.50,30.00,0.00
743,10/10/2018,42.50,38.00,77.50,30.00,0.00
744,09/10/2018,42.50,38.00,78.50,30.00,0.00
745,08/10/2018,42.50,38.00,79.50,30.00,0.00
746,05/10/2018,42.50,38.00,80.00,30.00,0.00
747,05/10/2018,42.50,38.00,81.00,30.00,0.00
748,03/10/2018,42.50,38.00,80.50,30.00,0.00
749,02/10/2018,42.50,38.00,82.00,30.00,0.00
750,02/10/2018,42.50,38.00,82.00,30.00,0.00
751,28/09/2018,42.50,38.00,82.00,30.00,0.00
752,28/09/2018,42.50,38.00,82.00,30.00,0.00
753,26/09/2018,42.50,38.00,82.00,30.00,0.00
754,25/09/2018,42.50,38.00,82.00,30.00,0.00
755,24/09/2018,42.50,38.00,81.50,30.00,0.00
756,21/09/2018,42.50,38.00,81.50,30.00,0.00
757,21/09/2018,42.50,38.00,81.50,30.00,0.00
758,19/09/2018,42.50,38.00,81.50,30.00,0.00
759,18/09/2018,42.50,38.00,81.50,30.00,1.00
760,18/09/2018,42.50,38.00,81.50,30.00,0.00
761,14/09/2018,42.50,38.00,81.50,30.00,0.00
762,13/09/2018,42.50,38.00,80.50,30.00,0.00
763,13/09/2018,42.50,38.00,81.50,30.00,0.00
764,11/09/2018,42.50,38.00,80.50,30.00,0.00
765,10/09/2018,42.50,38.00,79.50,30.00,0.00
766,06/09/2018,42.50,38.00,79.50,30.00,0.00
767,05/09/2018,42.50,38.00,79.50,30.00,0.00
768,04/09/2018,42.50,38.00,79.00,30.00,0.00
769,03/09/2018,42.50,38.00,79.00,30.00,0.00
770,31/08/2018,42.50,38.00,79.00,30.00,0.00
771,30/08/2018,42.50,38.00,79.00,30.00,0.00
772,29/08/2018,42.50,38.00,79.00,30.00,0.00
773,28/08/2018,42.00,38.00,78.00,30.00,0.00
774,27/08/2018,42.00,38.00,78.00,30.00,0.00
775,24/08/2018,41.50,38.00,79.00,30.00,0.00
776,23/08/2018,41.50,38.00,79.00,30.00,0.00
777,22/08/2018,41.50,38.00,79.00,30.00,0.00
778,21/08/2018,41.00,38.00,79.00,30.00,0.00
779,20/08/2018,41.00,38.00,79.00,30.00,0.00
780,17/08/2018,41.00,38.00,78.00,30.00,0.00
781,16/08/2018,41.00,38.00,78.00,30.00,0.00
782,15/08/2018,41.00,38.00,77.00,30.00,0.00
783,14/08/2018,41.00,38.00,77.00,30.00,0.00
784,13/08/2018,41.00,38.00,76.00,30.00,0.00
785,10/08/2018,41.00,38.00,77.50,30.00,0.00
786,09/08/2018,41.00,38.00,77.50,30.00,0.00
787,08/08/2018,41.00,38.00,76.50,30.00,0.00
788,07/08/2018,41.00,38.00,76.50,30.00,0.00
789,06/08/2018,41.00,38.00,75.50,30.00,0.00
790,03/08/2018,41.00,38.00,77.50,30.00,0.00
791,02/08/2018,41.00,38.00,77.50,30.00,0.00
792,01/08/2018,41.00,38.00,77.50,30.00,0.00
793,31/07/2018,41.00,38.00,77.50,30.00,0.00
794,30/07/2018,41.00,38.00,76.50,30.00,0.00
795,27/07/2018,41.00,38.00,76.00,30.00,0.00
796,26/07/2018,41.00,38.00,76.00,30.00,0.00
797,25/07/2018,41.00,38.00,76.00,30.00,0.00
798,24/07/2018,40.50,38.00,76.00,30.00,0.00
799,23/07/2018,40.50,38.00,76.50,30.00,0.00
800,20/07/2018,40.50,38.00,76.50,30.00,0.00
801,19/07/2018,40.50,38.00,76.50,30.00,0.00
802,18/07/2018,40.50,38.00,76.50,30.00,0.00
803,17/07/2018,40.50,38.00,76.50,30.00,0.00
804,17/07/2018,40.50,38.00,76.00,30.00,0.00
805,13/07/2018,40.00,38.00,75.50,30.00,0.00
806,12/07/2018,40.00,38.00,75.50,30.00,0.00
807,11/07/2018,40.00,38.00,75.50,30.00,0.00
809,10/07/2018,39.50,38.00,75.50,30.00,0.00
808,10/07/2018,39.50,38.00,76.50,30.00,0.00
810,06/07/2018,39.50,38.00,75.50,30.00,0.00
811,05/07/2018,39.50,38.00,75.00,30.00,0.00
812,04/07/2018,39.00,38.00,75.00,30.00,0.00
813,03/07/2018,39.00,38.00,74.00,30.00,0.00
814,02/07/2018,39.00,38.00,73.50,30.00,0.00
815,29/06/2018,38.50,38.00,73.50,30.00,0.00
816,28/06/2018,38.50,38.00,72.00,30.00,0.00
817,27/06/2018,38.50,38.00,71.50,30.00,0.00
818,26/06/2018,38.50,38.00,71.00,30.00,0.00
819,25/06/2018,38.50,38.00,70.50,30.00,0.00
820,22/06/2018,38.00,38.00,70.00,30.00,0.00
821,21/06/2018,37.50,36.50,70.00,29.00,0.00
822,20/06/2018,37.50,36.50,69.00,29.00,0.00
823,19/06/2018,37.00,36.50,68.50,29.00,0.00
824,18/06/2018,37.00,36.50,70.00,29.00,0.00
825,15/06/2018,37.00,36.50,70.00,29.00,0.00
826,14/06/2018,37.00,36.50,70.00,29.00,0.00
827,13/06/2018,36.50,36.50,70.00,29.00,0.00
828,12/06/2018,36.50,36.50,71.00,29.00,0.00
829,11/06/2018,36.50,36.50,71.00,29.00,0.00
830,08/06/2018,36.50,36.50,74.00,29.00,0.00
831,07/06/2018,36.50,36.50,74.00,29.00,0.00
833,06/06/2018,36.00,36.50,74.00,29.00,0.00
832,06/06/2018,36.00,36.50,74.50,29.00,0.00
834,04/06/2018,36.00,36.50,74.00,29.00,0.00
835,01/06/2018,36.00,36.50,74.50,29.00,0.00
836,30/05/2018,36.00,36.50,75.00,29.00,0.00
837,29/05/2018,36.00,36.50,76.00,29.00,0.00
838,29/05/2018,36.00,36.50,76.50,29.00,0.00
839,25/05/2018,36.00,36.00,76.50,29.00,0.00
840,24/05/2018,36.00,36.00,76.50,29.00,0.00
841,23/05/2018,36.00,36.00,76.50,29.00,0.00
842,22/05/2018,36.00,36.00,76.00,29.00,0.00
843,21/05/2018,35.50,36.00,76.00,29.00,0.00
844,18/05/2018,35.50,35.00,75.00,28.00,0.00
845,17/05/2018,35.50,35.00,74.50,28.00,0.00
846,16/05/2018,35.50,35.00,75.50,28.00,0.00
847,15/05/2018,35.50,35.00,76.00,28.00,0.00
848,14/05/2018,35.50,35.00,76.00,28.00,0.00
849,11/05/2018,35.50,35.00,74.50,28.00,0.00
850,10/05/2018,35.50,35.00,76.50,28.00,0.00
851,09/05/2018,35.50,35.00,75.50,28.00,0.00
852,08/05/2018,35.50,35.00,75.00,28.00,0.00
853,07/05/2018,35.50,35.00,75.00,28.00,0.00
854,04/05/2018,35.50,35.00,76.50,28.00,0.00
855,03/05/2018,35.50,35.00,76.50,28.00,0.00
856,02/05/2018,35.50,35.00,77.00,28.00,0.00
857,30/04/2018,35.50,35.00,77.00,28.00,0.00
858,27/04/2018,35.50,35.00,77.00,28.00,0.00
859,26/04/2018,35.50,35.00,77.50,28.00,0.00
860,25/04/2018,35.50,35.00,77.00,28.00,0.00
861,24/04/2018,35.50,35.00,76.00,28.00,0.00
862,23/04/2018,35.50,35.00,75.00,28.00,0.00
863,20/04/2018,35.50,35.00,74.50,28.00,0.00
864,19/04/2018,35.50,35.00,75.00,28.00,0.00
865,18/04/2018,35.50,33.50,76.50,27.00,0.00
866,17/04/2018,35.50,33.50,76.50,27.00,0.00
867,16/04/2018,35.50,33.50,76.50,27.00,0.00
868,13/04/2018,35.50,33.50,76.50,27.00,0.00
869,12/04/2018,35.00,33.50,76.00,27.00,0.00
870,11/04/2018,35.00,33.50,77.00,27.00,0.00
872,10/04/2018,34.50,33.50,75.50,27.00,0.00
871,10/04/2018,35.00,33.50,76.50,27.00,0.00
873,06/04/2018,34.50,33.50,73.00,27.00,0.00
874,05/04/2018,34.00,33.50,73.00,27.00,0.00
875,04/04/2018,34.00,33.50,71.00,27.00,0.00
876,03/04/2018,34.00,33.50,72.00,27.00,0.00
877,03/04/2018,34.00,33.50,72.00,27.00,0.00
878,29/03/2018,34.00,32.50,70.50,26.00,0.00
879,28/03/2018,34.00,32.50,70.50,26.00,0.00
880,27/03/2018,33.30,32.50,70.50,26.00,0.00
881,26/03/2018,33.30,32.50,70.00,26.00,0.00
882,23/03/2018,33.30,32.50,70.00,26.00,0.00
884,22/03/2018,33.30,32.50,70.00,26.00,0.00
883,21/03/2018,33.30,32.50,70.00,26.00,0.00
885,20/03/2018,33.30,31.50,69.00,25.00,0.00
886,19/03/2018,33.30,31.50,69.50,25.00,0.00
888,16/03/2018,33.30,30.00,69.00,24.00,0.00
887,16/03/2018,33.30,30.00,70.00,24.00,0.00
889,14/03/2018,33.30,30.00,68.50,24.00,0.00
890,13/03/2018,33.30,28.00,68.50,20.00,0.00
891,12/03/2018,33.30,28.00,68.50,20.00,0.00
892,09/03/2018,33.30,28.00,69.50,20.00,0.00
893,08/03/2018,33.30,28.00,69.00,20.00,0.00
894,07/03/2018,33.30,28.00,69.00,20.00,0.00
895,06/03/2018,33.30,28.00,69.50,20.00,0.00
896,05/03/2018,33.30,28.00,69.00,20.00,0.00
897,02/03/2018,33.30,28.00,69.00,20.00,0.00
898,01/03/2018,33.30,28.00,67.50,20.00,0.00
899,28/02/2018,33.30,28.00,67.00,20.00,0.00
900,27/02/2018,33.30,28.00,66.50,20.00,0.00
901,26/02/2018,33.30,28.00,66.00,20.00,0.00
902,23/02/2018,33.30,28.00,65.50,20.00,0.00
903,22/02/2018,33.30,28.00,65.50,20.00,0.00
904,21/02/2018,33.30,28.00,65.50,20.00,0.00
905,20/02/2018,33.30,28.00,65.00,20.00,0.00
906,19/02/2018,33.30,28.00,64.50,20.00,0.00
907,16/02/2018,33.30,28.00,64.50,20.00,0.00
908,15/02/2018,33.30,28.00,64.50,20.00,0.00
909,14/02/2018,33.30,28.00,64.50,20.00,0.00
910,09/02/2018,33.30,28.00,63.00,20.00,0.00
911,08/02/2018,33.30,28.00,62.50,20.00,0.00
912,07/02/2018,33.30,28.00,62.00,20.00,0.00
913,06/02/2018,33.30,28.00,61.50,20.00,0.00
914,05/02/2018,33.30,28.00,61.00,20.00,0.00
915,02/02/2018,33.30,28.00,61.50,20.00,0.00
916,01/02/2018,33.30,28.00,62.00,20.00,0.00
917,31/01/2018,33.30,28.00,62.50,20.00,0.00
918,30/01/2018,33.30,28.00,62.00,20.00,0.00
919,29/01/2018,33.30,28.00,62.00,20.00,0.00
920,26/01/2018,34.00,28.00,61.50,20.00,0.00
921,25/01/2018,34.00,28.00,61.50,20.00,0.00
922,24/01/2018,34.00,28.00,62.50,20.00,0.00
923,23/01/2018,34.00,28.00,62.50,20.00,0.00
924,22/01/2018,34.00,28.00,62.00,20.00,0.00
925,19/01/2018,34.00,28.00,61.50,20.00,0.00
927,18/01/2018,34.00,28.00,61.50,20.00,0.00
926,18/01/2018,34.00,28.00,61.50,20.00,0.00
928,16/01/2018,34.00,28.00,61.50,20.00,0.00
929,15/01/2018,34.00,28.00,61.00,20.00,0.00
930,12/01/2018,34.00,28.00,61.50,20.00,0.00
931,11/01/2018,35.00,28.00,61.50,20.00,0.00
932,10/01/2018,35.00,28.00,62.00,20.00,0.00
933,09/01/2018,35.00,28.00,62.00,20.00,0.00
934,08/01/2018,35.00,28.00,62.00,20.00,0.00
935,05/01/2018,35.00,27.00,62.00,20.00,0.00
936,04/01/2018,35.00,27.00,62.50,20.00,0.00
937,03/01/2018,35.00,27.00,62.50,20.00,0.00
938,02/01/2018,35.00,27.00,63.00,20.00,0.00
939,28/12/2017,35.00,26.00,63.50,20.00,0.00
940,27/12/2017,35.00,26.00,63.50,20.00,0.00
941,26/12/2017,35.00,26.00,63.50,20.00,0.00
942,22/12/2017,35.00,26.00,63.50,20.00,0.00
943,21/12/2017,35.00,26.00,63.50,20.00,0.00
944,20/12/2017,35.00,26.00,63.50,20.00,0.00
948,19/12/2017,35.00,26.00,65.00,20.00,0.00
947,19/12/2017,35.00,26.00,65.00,20.00,0.00
946,19/12/2017,35.00,26.00,64.50,20.00,0.00
945,19/12/2017,35.00,26.00,64.00,20.00,0.00
949,13/12/2017,35.00,26.00,65.00,20.00,0.00
950,12/12/2017,35.00,26.00,65.00,20.00,0.00
951,11/12/2017,35.00,26.00,65.00,20.00,0.00
952,08/12/2017,35.00,28.00,65.00,22.00,0.00
953,07/12/2017,35.00,28.00,65.00,22.00,0.00
954,06/12/2017,35.00,28.00,65.00,22.00,0.00
955,05/12/2017,35.00,28.00,65.00,22.00,0.00
956,04/12/2017,35.00,28.00,65.00,22.00,0.00
957,01/12/2017,35.00,28.00,64.50,22.00,0.00
958,30/11/2017,35.00,28.00,63.50,22.00,0.00
959,29/11/2017,35.00,28.00,63.50,22.00,0.00
960,28/11/2017,35.00,28.00,63.50,22.00,0.00
961,27/11/2017,35.00,28.00,63.50,22.00,0.00
962,24/11/2017,35.00,28.00,63.50,22.00,0.00
963,23/11/2017,35.00,28.00,63.50,22.00,0.00
964,22/11/2017,35.00,28.00,63.50,22.00,0.00
965,21/11/2017,35.00,28.00,63.50,20.00,0.00
966,20/11/2017,35.00,28.00,63.50,22.00,0.00
967,17/11/2017,35.00,28.00,63.50,22.00,0.00
968,16/11/2017,35.00,28.00,63.50,22.00,0.00
969,14/11/2017,35.00,28.00,63.50,22.00,0.00
970,13/11/2017,35.00,28.00,63.50,22.00,0.00
971,10/11/2017,35.00,26.00,63.00,20.00,0.00
972,09/11/2017,35.00,26.00,64.00,20.00,0.00
973,08/11/2017,35.00,26.00,64.00,20.00,0.00
974,07/11/2017,35.00,26.00,64.00,20.00,0.00
975,06/11/2017,35.00,26.00,64.00,20.00,0.00
976,03/11/2017,35.00,26.00,63.50,20.00,0.00
977,01/11/2017,35.00,26.00,63.50,20.00,0.00
978,31/10/2017,35.00,26.00,63.50,20.00,0.00
979,30/10/2017,35.00,26.00,63.00,20.00,0.00
980,27/10/2017,35.00,25.00,63.00,20.00,0.00
981,26/10/2017,35.00,25.00,62.50,20.00,0.00
982,25/10/2017,35.00,25.00,62.50,20.00,0.00
983,24/10/2017,35.00,25.00,62.50,20.00,0.00
984,23/10/2017,35.00,25.00,62.00,20.00,0.00
985,20/10/2017,35.00,25.00,62.00,20.00,0.00
986,19/10/2017,35.00,25.00,61.00,20.00,0.00
987,18/10/2017,35.00,25.00,61.00,20.00,0.00
988,17/10/2017,35.00,25.00,61.50,20.00,0.00
989,16/10/2017,35.00,25.00,61.50,20.00,0.00
990,13/10/2017,35.50,25.00,61.50,20.00,0.00
991,11/10/2017,35.50,25.00,60.50,20.00,0.00
992,10/10/2017,35.50,25.00,60.50,20.00,0.00
993,09/10/2017,35.50,25.00,60.00,20.00,0.00
994,06/10/2017,36.00,25.00,59.50,20.00,0.00
995,05/10/2017,36.00,25.00,59.50,20.00,0.00
996,04/10/2017,36.00,25.00,59.50,20.00,0.00
997,03/10/2017,36.00,25.00,60.00,20.00,0.00
998,02/10/2017,36.00,25.00,60.00,20.00,0.00
999,29/09/2017,36.00,25.00,60.50,20.00,0.00
1000,28/09/2017,36.00,25.00,60.50,20.00,0.00
1001,27/09/2017,36.00,25.00,60.50,20.00,0.00
1002,26/09/2017,36.00,25.00,60.50,20.00,0.00
1003,25/09/2017,36.00,25.00,61.00,20.00,0.00
1004,22/09/2017,36.50,24.00,61.00,19.00,0.00
1005,21/09/2017,36.50,24.00,61.00,19.00,0.00
1006,19/09/2017,36.50,24.00,61.00,19.00,0.00
1007,18/09/2017,36.50,24.00,61.00,19.00,0.00
1008,15/09/2017,37.00,23.00,61.00,18.50,0.00
1009,14/09/2017,37.00,23.00,60.00,18.50,0.00
1010,13/09/2017,37.00,23.00,59.50,18.50,0.00
1011,12/09/2017,37.00,23.00,59.00,18.50,0.00
1012,11/09/2017,37.00,23.00,59.00,18.50,0.00
1013,08/09/2017,37.50,23.00,60.50,18.50,0.00
1014,06/09/2017,37.50,23.00,60.00,18.50,0.00
1015,05/09/2017,37.50,23.00,60.00,18.50,0.00
1016,04/09/2017,37.50,23.00,59.50,18.50,0.00
1017,01/09/2017,38.00,23.00,59.50,18.50,0.00
1018,31/08/2017,38.50,23.00,59.50,18.50,0.00
1019,30/08/2017,38.50,23.00,59.50,18.50,0.00
1020,29/08/2017,38.50,23.00,59.50,18.50,0.00
1021,28/08/2017,38.50,23.00,59.50,18.50,0.00
1022,25/08/2017,39.20,23.00,59.50,18.50,0.00
1023,24/08/2017,39.20,23.00,59.50,18.50,0.00
1024,23/08/2017,39.20,23.00,59.00,18.50,0.00
1025,22/08/2017,39.20,23.00,59.00,18.50,0.00
1026,21/08/2017,39.20,23.00,58.50,18.50,0.00
1027,18/08/2017,39.20,23.00,58.50,18.50,0.00
1028,17/08/2017,39.20,23.00,58.50,18.50,0.00
1029,16/08/2017,39.20,23.00,59.50,18.50,0.00
1030,15/08/2017,39.20,23.00,59.50,18.50,0.00
1031,14/08/2017,39.20,23.00,59.50,18.50,0.00
1032,11/08/2017,39.20,23.00,59.50,18.50,0.00
1033,10/08/2017,39.20,23.00,59.50,18.50,0.00
1034,09/08/2017,39.20,23.00,60.00,18.50,0.00
1035,08/08/2017,39.20,23.00,60.00,18.50,0.00
1036,07/08/2017,39.20,23.00,59.00,18.50,0.00
1037,04/08/2017,40.00,23.00,59.00,18.50,0.00
1038,03/08/2017,40.00,23.00,59.00,18.50,0.00
1039,02/08/2017,40.00,23.00,60.00,18.50,0.00
1040,02/08/2017,40.00,23.00,60.00,18.50,0.00
1041,31/07/2017,40.00,23.00,62.00,18.50,0.00
1042,28/07/2017,40.00,23.00,62.50,18.50,0.00
1043,27/07/2017,40.00,23.00,62.00,18.50,0.00
1044,26/07/2017,40.00,23.00,61.50,18.50,0.00
1045,25/07/2017,40.00,23.00,61.50,18.50,0.00
1046,24/07/2017,40.00,23.00,61.00,18.50,0.00
1047,21/07/2017,40.00,23.00,62.00,18.50,0.00
1048,20/07/2017,40.00,23.00,62.00,18.50,0.00
1050,19/07/2017,40.00,23.00,62.00,18.50,0.00
1049,18/07/2017,40.00,23.00,62.00,18.50,0.00
1051,17/07/2017,40.00,23.00,62.00,18.50,0.00
1052,14/07/2017,40.00,23.00,62.00,18.50,0.00
1053,13/07/2017,40.00,23.00,61.50,18.50,0.00
1054,12/07/2017,40.00,23.00,64.50,18.50,0.00
1055,11/07/2017,40.00,23.00,64.50,18.50,0.00
1056,10/07/2017,40.00,23.00,64.00,18.50,0.00
1057,07/07/2017,40.00,23.00,63.00,18.50,0.00
1058,06/07/2017,40.00,23.00,62.00,18.50,0.00
1059,05/07/2017,40.00,23.00,62.00,18.50,0.00
1060,04/07/2017,40.00,23.00,60.50,18.50,0.00
1061,03/07/2017,40.00,23.00,60.50,18.50,0.00
1062,30/06/2017,40.00,23.00,59.00,18.50,0.00
1063,29/06/2017,39.50,23.00,58.50,18.50,0.00
1064,28/06/2017,39.50,23.00,59.00,18.50,0.00
1065,27/06/2017,39.50,23.00,59.00,18.50,0.00
1066,26/06/2017,39.50,23.00,59.00,18.50,0.00
1067,23/06/2017,39.20,23.00,59.00,18.50,0.00
1068,22/06/2017,39.20,23.00,59.50,18.50,0.00
1069,21/06/2017,39.20,23.00,60.00,18.50,0.00
1070,20/06/2017,39.20,23.00,60.50,18.50,0.00
1071,19/06/2017,39.20,23.00,60.00,18.50,0.00
1072,16/06/2017,39.20,23.00,60.00,18.50,0.00
1073,14/06/2017,39.20,23.00,60.00,18.50,0.00
1074,13/06/2017,39.20,23.00,59.50,18.50,0.00
1075,13/06/2017,39.20,23.00,60.00,18.50,0.00
1076,13/06/2017,39.20,23.00,59.50,18.50,0.00
1077,08/06/2017,39.20,23.00,59.50,18.50,0.00
1078,07/06/2017,39.20,23.00,59.00,18.50,0.00
1079,06/06/2017,39.20,23.00,58.50,18.50,0.00
1080,05/06/2017,39.20,23.00,58.00,18.50,0.00
1081,02/06/2017,39.20,23.00,57.50,18.50,0.00
1082,01/06/2017,39.20,23.00,57.50,18.50,0.00
1083,31/05/2017,39.20,23.00,57.50,18.50,0.00
1084,30/05/2017,39.20,23.00,58.50,18.50,0.00
1085,29/05/2017,39.20,23.00,59.50,18.50,0.00
1086,26/05/2017,39.20,23.00,60.00,18.50,0.00
1087,25/05/2017,39.20,23.00,61.00,18.50,0.00
1088,24/05/2017,39.20,23.00,61.00,18.50,0.00
1089,23/05/2017,39.20,23.00,61.00,18.50,0.00
1090,22/05/2017,39.20,23.00,61.00,18.50,0.00
1091,22/05/2017,39.20,23.00,61.00,18.50,0.00
1092,19/05/2017,39.20,23.00,61.00,18.50,0.00
1093,18/05/2017,39.20,23.00,59.50,18.50,0.00
1094,17/05/2017,39.20,23.00,57.50,18.50,0.00
1096,16/05/2017,39.20,23.00,57.50,18.50,0.00
1095,16/05/2017,39.20,23.00,57.50,18.50,0.00
1097,12/05/2017,39.20,23.00,58.50,18.50,0.00
1098,11/05/2017,39.20,23.00,59.50,18.50,0.00
1099,10/05/2017,39.20,23.00,59.50,18.50,0.00
1100,09/05/2017,39.20,23.00,59.50,18.50,0.00
1101,08/05/2017,39.20,23.00,59.00,18.50,0.00
1102,05/05/2017,39.50,23.00,59.00,18.50,0.00
1103,05/05/2017,39.50,23.00,58.00,18.50,0.00
1104,03/05/2017,39.50,23.00,58.00,18.50,0.00
1105,02/05/2017,39.50,23.00,59.00,18.50,0.00
1106,28/04/2017,39.80,23.00,58.00,18.50,0.00
1107,27/04/2017,39.80,23.00,58.00,18.50,0.00
1108,26/04/2017,39.80,23.00,57.00,18.50,0.00
1109,25/04/2017,39.80,23.00,57.00,18.50,0.00
1110,24/04/2017,39.80,23.00,56.50,18.50,0.00
1111,20/04/2017,39.80,23.00,56.50,18.50,0.00
1112,19/04/2017,39.80,23.00,56.00,18.50,0.00
1113,18/04/2017,39.80,23.00,55.50,18.50,0.00
1114,17/04/2017,39.80,23.00,57.00,18.50,0.00
1115,13/04/2017,39.80,23.00,56.50,18.50,0.00
1116,12/04/2017,39.80,23.00,56.00,18.50,0.00
1117,11/04/2017,39.80,23.00,55.50,18.50,0.00
1118,10/04/2017,39.80,23.00,55.50,18.50,0.00
1119,07/04/2017,40.30,23.00,55.50,18.50,0.00
1120,06/04/2017,40.30,23.00,55.50,18.50,0.00
1121,05/04/2017,40.30,23.00,55.50,18.50,0.00
1122,04/04/2017,40.30,23.00,55.50,18.50,0.00
1123,03/04/2017,40.30,23.00,55.50,18.50,0.00
1124,31/03/2017,40.30,23.00,56.50,18.50,0.00
1125,30/03/2017,40.30,23.00,58.00,18.50,0.00
1126,29/03/2017,40.90,23.00,58.50,18.50,0.00
1127,29/03/2017,40.90,23.00,58.50,18.50,0.00
1128,28/03/2017,40.90,23.00,58.50,18.50,0.00
1129,27/03/2017,40.90,23.00,58.50,18.50,0.00
1130,24/03/2017,41.20,24.00,60.00,20.00,0.00
1131,23/03/2017,41.20,24.00,61.00,20.00,0.00
1132,22/03/2017,41.20,24.00,61.50,20.00,0.00
1133,21/03/2017,41.80,24.00,61.50,20.00,0.00
1134,20/03/2017,41.80,24.00,61.50,20.00,0.00
1135,01/03/2017,45.00,25.00,63.00,20.00,0.00
1136,24/02/2017,45.50,25.00,63.00,20.00,0.00
1137,23/02/2017,45.50,25.00,63.50,20.00,0.00
1138,22/02/2017,46.00,25.00,63.50,20.00,0.00
1139,21/02/2017,46.00,25.00,64.50,20.00,0.00
1140,20/02/2017,46.00,25.00,64.50,20.00,0.00
1141,17/02/2017,47.00,25.00,65.00,20.00,0.00
1142,16/02/2017,47.00,25.00,65.00,20.00,0.00
1143,15/02/2017,47.00,25.00,65.00,20.00,0.00
1144,14/02/2017,47.00,25.00,65.00,20.00,0.00
1145,13/02/2017,47.00,26.00,66.00,21.00,0.00
1146,10/02/2017,47.00,26.00,66.00,21.00,0.00
1147,09/02/2017,47.00,26.00,66.00,21.00,0.00
1148,08/02/2017,47.00,26.00,66.00,21.00,0.00
1149,07/02/2017,47.00,26.00,66.00,21.00,0.00
1150,06/02/2017,47.00,26.00,66.00,21.00,0.00
1151,03/02/2017,47.00,26.00,66.00,21.00,0.00
1152,02/02/2017,47.00,26.00,66.00,21.00,0.00
1153,01/02/2017,47.00,26.00,66.00,21.00,0.00
1154,31/01/2017,47.00,26.00,66.00,21.00,0.00
1155,30/01/2017,47.00,26.00,66.50,21.00,0.00
1156,27/01/2017,47.00,26.00,67.50,21.00,0.00
1158,26/01/2017,47.00,26.00,67.50,21.00,0.00
1159,25/01/2017,47.00,28.00,67.50,23.00,0.00
1160,24/01/2017,47.00,28.00,68.00,23.00,0.00
1157,23/01/2017,47.00,28.00,68.00,23.00,0.00
1161,20/01/2017,47.00,30.00,68.50,24.00,0.00
1162,19/01/2017,47.00,30.00,68.00,24.00,0.00
1163,18/01/2017,47.00,30.00,68.00,24.00,0.00
1164,17/01/2017,47.00,30.00,67.00,24.00,0.00
1165,16/01/2017,47.00,30.00,67.00,24.00,0.00
1166,13/01/2017,47.00,32.00,66.50,26.00,0.00
1167,12/01/2017,47.00,32.00,66.50,26.00,0.00
1168,11/01/2017,47.00,32.00,66.50,26.00,0.00
1169,10/01/2017,47.00,32.00,66.50,26.00,0.00
1170,09/01/2017,47.00,32.00,66.50,26.00,0.00
1171,06/01/2017,47.00,32.00,67.00,26.00,0.00
1172,05/01/2017,47.00,32.00,67.00,26.00,0.00
1173,04/01/2017,47.00,32.00,67.00,26.00,0.00
1174,03/01/2017,47.00,32.00,68.00,26.00,0.00
1175,02/01/2017,47.00,32.00,68.00,26.00,0.00
1176,29/12/2016,47.00,35.00,68.00,28.00,0.00
1177,28/12/2016,47.00,35.00,68.00,28.00,0.00
1178,27/12/2016,47.00,35.00,68.00,28.00,0.00
1179,26/12/2016,47.00,35.00,68.00,28.00,0.00
1180,23/12/2016,47.00,38.00,69.50,30.00,0.00
1181,22/12/2016,47.00,38.00,70.00,30.00,0.00
1182,21/12/2016,47.00,38.00,70.00,30.00,0.00
1183,20/12/2016,47.00,38.00,71.00,30.00,0.00
1184,19/12/2016,47.00,38.00,72.00,30.00,0.00
1185,16/12/2016,47.00,38.00,72.00,30.00,0.00
1186,15/12/2016,47.00,38.00,72.00,30.00,0.00
1187,14/12/2016,47.00,38.00,72.00,30.00,0.00
1188,13/12/2016,47.00,38.00,72.00,30.00,0.00
1189,12/12/2016,47.00,38.00,72.00,30.00,0.00
1190,09/12/2016,47.00,38.00,72.00,30.00,0.00
1191,08/12/2016,47.00,38.00,72.00,30.00,0.00
1192,07/12/2016,47.00,38.00,72.00,30.00,0.00
1193,06/12/2016,47.00,38.00,72.00,30.00,0.00
1194,05/12/2016,47.00,38.00,72.00,30.00,0.00
1195,02/12/2016,47.00,38.00,72.00,30.00,0.00
1196,01/12/2016,47.00,38.00,72.00,30.00,0.00
1197,30/11/2016,47.00,38.00,72.00,30.00,0.00
1198,29/11/2016,47.00,38.00,72.00,30.00,0.00
1199,28/11/2016,47.00,38.00,72.00,30.00,0.00
1200,25/11/2016,47.00,38.00,71.50,30.00,0.00
1201,24/11/2016,47.00,38.00,70.50,30.00,0.00
1202,23/11/2016,47.00,38.00,70.50,30.00,0.00
1203,22/11/2016,47.00,38.00,70.00,30.00,0.00
1204,21/11/2016,47.00,38.00,70.00,30.00,0.00
1205,18/11/2016,47.00,38.00,70.00,30.00,0.00
1206,17/11/2016,47.00,38.00,70.00,30.00,0.00
1207,16/11/2016,47.00,38.00,70.00,30.00,0.00
1208,14/11/2016,47.00,38.00,70.00,30.00,0.00
1209,11/11/2016,47.00,38.00,70.00,30.00,0.00
1210,10/11/2016,47.00,38.00,69.00,30.00,0.00
1211,09/11/2016,47.00,38.00,68.50,30.00,0.00
1212,08/11/2016,47.00,38.00,68.50,30.00,0.00
1213,07/11/2016,47.00,38.00,68.50,30.00,0.00
1214,04/11/2016,47.00,38.00,68.00,30.00,0.00
1215,03/11/2016,48.00,38.00,68.00,30.00,0.00
1216,01/11/2016,48.00,38.00,68.00,30.00,0.00
1218,31/10/2016,49.50,38.00,68.00,30.00,0.00
1217,31/10/2016,48.00,38.00,68.00,30.00,0.00
1219,27/10/2016,49.50,38.00,68.00,30.00,0.00
1220,26/10/2016,49.50,38.00,67.00,30.00,0.00
1221,25/10/2016,49.50,38.00,67.00,30.00,0.00
1222,24/10/2016,49.50,42.00,67.00,34.00,0.00
1223,21/10/2016,49.50,42.00,67.00,34.00,0.00
1224,20/10/2016,49.50,42.00,68.00,34.00,0.00
1225,19/10/2016,49.50,42.00,68.00,34.00,0.00
1226,18/10/2016,49.50,42.00,68.00,34.00,0.00
1227,17/10/2016,49.50,42.00,68.00,34.00,0.00
1228,14/10/2016,49.50,42.00,68.00,34.00,0.00
1229,13/10/2016,49.50,42.00,68.00,34.00,0.00
1230,11/10/2016,49.50,42.00,68.00,34.00,0.00
1231,10/10/2016,49.50,42.00,68.50,34.00,0.00
1232,07/10/2016,49.50,42.00,68.50,34.00,0.00
1233,07/10/2016,49.50,42.00,68.50,34.00,0.00
1234,05/10/2016,49.50,42.00,69.00,34.00,0.00
1235,04/10/2016,49.50,42.00,69.00,34.00,0.00
1236,03/10/2016,49.50,42.00,69.00,34.00,0.00
1237,30/09/2016,49.50,42.00,68.50,34.00,0.00
1238,29/09/2016,49.50,42.00,68.50,34.00,0.00
1239,28/09/2016,49.50,42.00,68.50,34.00,0.00
1240,27/09/2016,49.50,42.00,68.50,34.00,0.00
1241,26/09/2016,49.50,42.00,69.50,34.00,0.00
1242,23/09/2016,49.50,42.00,69.50,34.00,0.00
1243,22/09/2016,49.50,42.00,70.00,34.00,0.00
1244,21/09/2016,49.50,42.00,71.00,34.00,0.00
1245,19/09/2016,49.50,42.00,70.50,34.00,0.00
1246,16/09/2016,49.50,42.00,70.50,34.00,0.00
1247,15/09/2016,49.50,42.00,70.50,34.00,0.00
1248,14/09/2016,49.50,42.00,70.50,34.00,0.00
1249,13/09/2016,49.50,42.00,70.00,34.00,0.00
1250,12/09/2016,49.50,42.00,70.00,34.00,0.00
1251,09/09/2016,49.50,42.00,70.50,34.00,0.00
1252,08/09/2016,49.50,42.00,70.00,34.00,0.00
1253,06/09/2016,49.50,42.00,70.00,34.00,0.00
1254,05/09/2016,49.50,42.00,70.00,34.00,0.00
1255,02/09/2016,49.50,42.00,69.50,34.00,0.00
1256,01/09/2016,49.50,42.00,69.00,34.00,0.00
1257,31/08/2016,49.50,42.00,69.50,34.00,0.00
1258,30/08/2016,49.50,42.00,70.50,34.00,0.00
1259,29/08/2016,49.50,42.00,71.00,34.00,0.00
1260,26/08/2016,49.50,42.00,71.00,34.00,0.00
1261,25/08/2016,49.50,42.00,71.50,34.00,0.00
1262,24/08/2016,49.50,42.00,71.50,34.00,0.00
1263,23/08/2016,49.50,42.00,70.50,34.00,0.00
1264,22/08/2016,49.50,42.00,70.50,34.00,0.00
1265,19/08/2016,49.50,42.00,70.50,34.00,0.00
1266,18/08/2016,49.50,42.00,70.50,34.00,0.00
1267,17/08/2016,49.50,42.00,70.50,34.00,0.00
1268,16/08/2016,49.50,42.00,69.00,34.00,0.00
1269,15/08/2016,49.50,42.00,68.50,34.00,0.00
1270,12/08/2016,49.50,42.00,68.00,34.00,0.00
1271,11/08/2016,49.50,42.00,68.00,34.00,0.00
1272,10/08/2016,49.50,42.00,68.50,34.00,0.00
1273,09/08/2016,49.50,42.00,68.50,34.00,0.00
1274,08/08/2016,49.50,42.00,68.50,34.00,0.00
1275,05/08/2016,49.50,42.00,68.50,34.00,0.00
1276,04/08/2016,49.50,42.00,69.50,34.00,0.00
1277,03/08/2016,49.50,42.00,70.00,34.00,0.00
1278,02/08/2016,49.50,42.00,70.00,34.00,0.00
1279,01/08/2016,49.50,42.00,70.50,34.00,0.00
1280,29/07/2016,49.50,42.00,72.00,34.00,0.00
1281,28/07/2016,49.50,42.00,71.50,34.00,0.00
1282,27/07/2016,49.50,42.00,71.50,34.00,0.00
1283,26/07/2016,49.50,42.00,71.50,34.00,0.00
1284,25/07/2016,49.50,42.00,72.00,34.00,0.00
1285,22/07/2016,49.50,46.00,72.50,37.00,0.00
1286,21/07/2016,49.50,46.00,74.50,37.00,0.00
1287,20/07/2016,49.50,46.00,74.50,37.00,0.00
1288,19/07/2016,49.50,46.00,75.00,37.00,0.00
1289,18/07/2016,49.50,46.00,76.00,37.00,0.00
1290,15/07/2016,49.50,46.00,77.00,37.00,0.00
1291,14/07/2016,49.50,46.00,78.50,37.00,0.00
1292,13/07/2016,49.50,46.00,78.50,37.00,0.00
1293,12/07/2016,49.50,50.00,77.50,40.00,0.00
1294,11/07/2016,49.50,50.00,77.50,40.00,0.00
1295,08/07/2016,49.50,50.00,77.00,40.00,0.00
1296,07/07/2016,49.50,50.00,77.00,40.00,0.00
1297,06/07/2016,49.30,50.00,78.50,40.00,0.00
1298,05/07/2016,49.30,50.00,79.50,40.00,0.00
1299,04/07/2016,49.30,50.00,80.00,40.00,0.00
1300,01/07/2016,48.50,50.00,80.00,40.00,0.00
1301,30/06/2016,48.50,50.00,80.00,40.00,0.00
1302,29/06/2016,48.50,50.00,80.00,40.00,0.00
1303,29/06/2016,48.50,50.00,82.00,40.00,0.00
1304,27/06/2016,47.80,50.00,80.00,40.00,0.00
1305,24/06/2016,47.00,50.00,80.00,40.00,0.00
1306,23/06/2016,46.50,50.00,81.50,40.00,0.00
1307,22/06/2016,46.50,50.00,82.00,40.00,0.00
1308,21/06/2016,46.00,50.00,82.00,40.00,0.00
1309,20/06/2016,46.00,50.00,83.00,40.00,0.00
1310,17/06/2016,45.50,46.00,83.50,37.00,0.00
1311,16/06/2016,45.50,46.00,83.50,37.00,0.00
1312,15/06/2016,45.00,46.00,84.00,37.00,0.00
1313,14/06/2016,45.00,46.00,84.00,37.00,0.00
1314,13/06/2016,45.00,46.00,84.00,37.00,0.00
1315,10/06/2016,44.50,46.00,82.00,37.00,0.00
1316,09/06/2016,44.50,46.00,82.50,37.00,0.00
1317,08/06/2016,44.00,46.00,82.50,37.00,0.00
1318,07/06/2016,44.00,46.00,82.00,37.00,0.00
1319,06/06/2016,44.00,46.00,82.00,37.00,0.00
1320,03/06/2016,44.00,43.00,82.00,34.50,0.00
1321,02/06/2016,43.50,43.00,79.50,34.50,0.00
1322,02/06/2016,43.50,43.00,78.00,34.50,0.00
1323,31/05/2016,43.50,43.00,77.00,34.50,0.00
1324,30/05/2016,43.50,43.00,77.00,34.50,0.00
1325,27/05/2016,43.50,43.00,77.00,34.50,0.00
1326,25/05/2016,43.00,43.00,76.00,34.50,0.00
1327,24/05/2016,43.00,43.00,76.00,34.50,0.00
1328,23/05/2016,43.00,43.00,76.00,34.50,0.00
1329,20/05/2016,42.50,40.00,76.00,32.00,0.00
1330,19/05/2016,42.50,40.00,75.50,32.00,0.00
1331,18/05/2016,42.50,40.00,74.50,32.00,0.00
1332,17/05/2016,42.50,40.00,74.50,32.00,0.00
1333,16/05/2016,42.00,40.00,74.50,32.00,0.00
1334,13/05/2016,41.30,40.00,74.50,32.00,0.00
1335,12/05/2016,41.30,40.00,74.50,32.00,0.00
1336,11/05/2016,41.30,40.00,74.50,32.00,0.00
1337,10/05/2016,41.30,40.00,74.00,32.00,0.00
1338,09/05/2016,41.30,40.00,73.00,32.00,0.00
1339,06/05/2016,41.30,40.00,73.00,32.00,0.00
1340,06/05/2016,41.30,40.00,73.00,32.00,0.00
1341,04/05/2016,41.30,40.00,72.00,32.00,0.00
1342,03/05/2016,40.30,37.50,72.00,30.00,0.00
1343,02/05/2016,40.30,37.50,70.50,30.00,0.00
1344,28/04/2016,39.50,37.50,70.50,30.00,0.00
1345,27/04/2016,39.50,37.50,70.00,30.00,0.00
1346,26/04/2016,39.00,37.50,69.50,30.00,0.00
1347,25/04/2016,39.00,37.50,69.00,30.00,0.00
1348,22/04/2016,39.00,37.50,69.00,30.00,0.00
1349,20/04/2016,39.00,37.50,69.00,30.00,0.00
1350,19/04/2016,39.00,37.50,68.50,30.00,0.00
1351,18/04/2016,39.00,37.50,68.00,30.00,0.00
1352,15/04/2016,39.00,37.50,66.50,30.00,0.00
1353,14/04/2016,39.00,37.50,66.50,30.00,0.00
1354,13/04/2016,39.00,37.50,66.50,30.00,0.00
1355,12/04/2016,39.00,37.50,66.00,30.00,0.00
1356,11/04/2016,39.00,37.50,67.00,30.00,0.00
1357,08/04/2016,39.00,37.50,68.50,30.00,0.00
1358,07/04/2016,39.00,37.50,68.00,30.00,0.00
1359,06/04/2016,39.00,37.50,68.50,30.00,0.00
1360,05/04/2016,39.00,37.50,68.00,30.00,0.00
1361,04/04/2016,39.00,37.50,67.50,30.00,0.00
1362,01/04/2016,39.00,37.50,67.50,30.00,0.00
1363,31/03/2016,39.00,37.50,67.50,30.00,0.00
1364,30/03/2016,39.00,37.50,68.50,30.00,0.00
1365,29/03/2016,39.00,37.50,67.50,30.00,0.00
1366,28/03/2016,39.00,37.50,67.50,30.00,0.00
1367,24/03/2016,39.00,37.50,68.50,30.00,0.00
1368,23/03/2016,39.00,36.00,67.50,29.00,0.00
1369,22/03/2016,39.00,36.00,67.50,29.00,0.00
1370,21/03/2016,39.00,36.00,66.50,29.00,0.00
1371,18/03/2016,39.00,36.00,66.50,29.00,0.00
1372,17/03/2016,39.00,36.00,66.50,29.00,0.00
1373,16/03/2016,39.00,36.00,68.00,29.00,0.00
1374,15/03/2016,39.00,36.00,65.50,29.00,0.00
1375,14/03/2016,39.00,36.00,65.50,29.00,0.00
1376,11/03/2016,39.20,36.00,66.50,29.00,0.00
1378,10/03/2016,39.20,36.00,66.50,29.00,0.00
1377,10/03/2016,39.20,36.00,67.50,29.00,0.00
1379,08/03/2016,39.50,36.00,68.00,29.00,0.00
1380,07/03/2016,39.50,36.00,68.00,29.00,0.00
